Transaction_ID,Customer_ID,Product_ID,Product_Name,Order_Date,Quantity,Price,Discount,Total_Amount ((harga x jumlah) - diskon),Payment_Method,Delivery_City,Delivery_Status
1001,10034,2022,NASI GORENG,2023-01-01 00:00:00,1,48402,0,48402,Credit Card,Bandung,Pending
1002,10032,2048,Nasi Goreng,2023-01-02 00:00:00,7,35841,5000,245887,E-Wallet,Surabaya,Delivered
1003,10029,2004,Ayam Bakar,2023-01-03 00:00:00,5,29269,5000,141345,E-Wallet,Yogyakarta,Canceled
1003,10029,2004,Ayam Bakar,2023-01-03 00:00:00,5,29269,5000,141345,E-Wallet,Yogyakarta,Canceled
1004,10042,2036,mie goreng,2023-01-04 00:00:00,9,12105,0,108945,Bank Transfer,Medan,Canceled
1005,10025,2013,Ikan Bakar,2023-01-05 00:00:00,1,36316,10000,26316,Bank Transfer,Surabaya,Canceled
1006,10007,2012,Ikan Bakar,2023-01-06 00:00:00,2,16984,10000,23968,Credit Card,Medan,Canceled
1007,10022,2012,IKAN BAKAR,2023-01-07 00:00:00,2,39218,0,78436,Credit Card,Medan,Pending
1008,10041,2018,Mie Goreng,2023-01-08 00:00:00,4,24905,5000,94620,Credit Card,Yogyakarta,Delivered
1009,10037,2042,Mie Goreng,2023-01-09 00:00:00,1,16781,10000,6781,Credit Card,Surabaya,Pending
1010,10006,2021,Sate Ayam,2023-01-10 00:00:00,5,24711,5000,118555,Bank Transfer,Yogyakarta,Delivered
1010,10006,2021,Sate Ayam,2023-01-10 00:00:00,5,24711,5000,118555,Bank Transfer,Yogyakarta,Delivered
1011,10031,2001,MIE GORENG,2023-01-11 00:00:00,2,32151,5000,59302,Credit Card,Surabaya,Delivered
1012,10002,2026,Ikan Bakar,2023-01-12 00:00:00,3,18315,5000,49945,Bank Transfer,Medan,Delivered
1012,10002,2026,Ikan Bakar,2023-01-12 00:00:00,3,18315,5000,49945,Bank Transfer,Medan,Delivered
1013,10042,2004,ikan bakar,2023-01-13 00:00:00,4,12254,10000,39016,Credit Card,Jakarta,Canceled
1014,10014,2049,Ikan Bakar,2023-01-14 00:00:00,2,45122,5000,85244,Bank Transfer,Bandung,Canceled
1015,10028,2044,Ayam Bakar,2023-01-15 00:00:00,1,18550,5000,13550,Bank Transfer,Yogyakarta,Canceled
1015,10028,2044,Ayam Bakar,2023-01-15 00:00:00,1,18550,5000,13550,Bank Transfer,Yogyakarta,Canceled
1016,10003,2041,NASI GORENG,2023-01-16 00:00:00,1,29257,10000,19257,Credit Card,Yogyakarta,Pending
1017,10037,2038,Sate Ayam,2023-01-17 00:00:00,1,21610,10000,11610,Credit Card,Surabaya,Pending
1018,10037,2015,Mie Goreng,2023-01-18 00:00:00,5,31476,0,157380,E-Wallet,Medan,Pending
1019,10034,2002,mie goreng,2023-01-19 00:00:00,1,26983,5000,21983,Credit Card,Yogyakarta,Canceled
1020,10024,2016,Nasi Goreng,2023-01-20 00:00:00,7,33526,10000,224682,Credit Card,Surabaya,Canceled
1021,10010,2022,Ayam Bakar,2023-01-21 00:00:00,5,45769,10000,218845,Credit Card,Surabaya,Pending
1021,10010,2022,Ayam Bakar,2023-01-21 00:00:00,5,45769,10000,218845,Credit Card,Surabaya,Pending
1022,10011,2048,mie goreng,2023-01-22 00:00:00,6,18324,5000,104944,Bank Transfer,Medan,Canceled
1023,10030,2046,Mie Goreng,2023-01-23 00:00:00,9,14553,0,130977,E-Wallet,Jakarta,Delivered
1024,10010,2020,Ikan Bakar,2023-01-24 00:00:00,7,41940,10000,283580,E-Wallet,Medan,Canceled
1025,10030,2016,Ikan Bakar,2023-01-25 00:00:00,8,13217,0,105736,Credit Card,Medan,Delivered
1026,10014,2019,Nasi Goreng,2023-01-26 00:00:00,9,43545,5000,386905,Credit Card,Yogyakarta,Delivered
1027,10004,2049,SATE AYAM,2023-01-27 00:00:00,5,33292,10000,156460,E-Wallet,Yogyakarta,Delivered
1028,10032,2022,Sate Ayam,2023-01-28 00:00:00,9,20784,10000,177056,Credit Card,Medan,Canceled
1029,10019,2044,Ikan Bakar,2023-01-29 00:00:00,3,10175,0,30525,Credit Card,Surabaya,Canceled
1030,10027,2048,Mie Goreng,2023-01-30 00:00:00,6,20954,10000,115724,Credit Card,Bandung,Pending
1031,10034,2042,Sate Ayam,2023-01-31 00:00:00,3,40334,10000,111002,Credit Card,Bandung,Delivered
1032,10019,2008,Nasi Goreng,2023-02-01 00:00:00,2,34745,0,69490,Bank Transfer,Jakarta,Delivered
1033,10028,2023,Ikan Bakar,2023-02-02 00:00:00,5,49610,10000,238050,Credit Card,Bandung,Delivered
1034,10035,2013,MIE GORENG,2023-02-03 00:00:00,8,49550,5000,391400,E-Wallet,Bandung,Pending
1035,10003,2018,Ayam Bakar,2023-02-04 00:00:00,5,34819,5000,169095,E-Wallet,Medan,Canceled
1035,10003,2018,Ayam Bakar,2023-02-04 00:00:00,5,34819,5000,169095,E-Wallet,Medan,Canceled
1036,10010,2003,Nasi Goreng,2023-02-05 00:00:00,8,45345,0,362760,E-Wallet,Surabaya,Delivered
1037,10004,2021,sate ayam,2023-02-06 00:00:00,9,31271,0,281439,E-Wallet,Surabaya,Delivered
1038,10008,2041,Ayam Bakar,2023-02-07 00:00:00,3,31810,0,95430,Bank Transfer,Yogyakarta,Canceled
1039,10004,2030,Nasi Goreng,2023-02-08 00:00:00,2,10078,5000,15156,Credit Card,Jakarta,Canceled
1039,10004,2030,Nasi Goreng,2023-02-08 00:00:00,2,10078,5000,15156,Credit Card,Jakarta,Canceled
1040,10006,2026,NASI GORENG,2023-02-09 00:00:00,7,49898,5000,344286,E-Wallet,Yogyakarta,Canceled
1041,10049,2045,Nasi Goreng,2023-02-10 00:00:00,2,43659,10000,77318,Bank Transfer,Jakarta,Pending
1042,10014,2027,Sate Ayam,2023-02-11 00:00:00,4,25509,5000,97036,Credit Card,Medan,Pending
1043,10004,2048,sate ayam,2023-02-12 00:00:00,1,47700,10000,37700,Credit Card,Medan,Canceled
1044,10023,2043,Mie Goreng,2023-02-13 00:00:00,2,19079,5000,33158,E-Wallet,Surabaya,Canceled
1045,10025,2015,Sate Ayam,2023-02-14 00:00:00,8,26239,0,209912,Bank Transfer,Surabaya,Pending
1045,10025,2015,Sate Ayam,2023-02-14 00:00:00,8,26239,0,209912,Bank Transfer,Surabaya,Pending
1046,10038,2027,IKAN BAKAR,2023-02-15 00:00:00,3,27564,10000,72692,Credit Card,Medan,Pending
1047,10019,2028,Ikan Bakar,2023-02-16 00:00:00,7,21324,0,149268,Bank Transfer,Bandung,Pending
1048,10037,2024,Sate Ayam,2023-02-17 00:00:00,3,39700,5000,114100,E-Wallet,Bandung,Pending
1049,10046,2022,sate ayam,2023-02-18 00:00:00,4,28612,10000,104448,E-Wallet,Bandung,Canceled
1050,10004,2033,Sate Ayam,2023-02-19 00:00:00,6,20931,5000,120586,E-Wallet,Yogyakarta,Canceled
1051,10051,2092,Bakso,2023-04-17 00:00:00,8,54732,7000,430856,Credit Card,Bandung,Pending
1052,10074,2074,Soto Betawi,2023-04-10 00:00:00,8,26023,3000,205184,COD,Yogyakarta,Returned
1053,10029,2037,Nasi Goreng,2023-07-11 00:00:00,5,27568,5000,132840,Credit Card,Jakarta,Canceled
1054,10088,2048,Mie Goreng,2023-02-28 00:00:00,3,11899,5000,30697,Bank Transfer,Bandung,Canceled
1055,10050,2006,Ayam Bakar,2023-11-25 00:00:00,7,31777,5000,217439,Bank Transfer,Medan,Delivered
1056,10008,2089,Ayam Bakar,2023-12-06 00:00:00,7,58555,7000,402885,E-Wallet,Jakarta,Canceled
1057,10035,2049,Soto Betawi,2023-01-02 00:00:00,6,53573,1000,320438,QRIS,Jakarta,Canceled
1058,10062,2017,Nasi Goreng,2023-02-13 00:00:00,2,47065,5000,89130,QRIS,Surabaya,Delivered
1059,10039,2084,Soto Betawi,2023-08-25 00:00:00,2,27262,7000,47524,Credit Card,Surabaya,Returned
1060,10059,2040,Ayam Bakar,2023-01-15 00:00:00,1,58984,0,58984,Bank Transfer,Medan,Returned
1061,10087,2062,Mie Goreng,2023-03-22 00:00:00,8,23986,3000,188888,Bank Transfer,Bandung,Canceled
1062,10040,2027,Bakso,2023-07-20 00:00:00,8,23067,1000,183536,Bank Transfer,Semarang,Pending
1063,10022,2061,Soto Betawi,2023-10-20 00:00:00,3,29115,3000,84345,E-Wallet,Surabaya,Pending
1064,10046,2077,Mie Goreng,2023-09-14 00:00:00,5,43270,3000,213350,Bank Transfer,Bali,Pending
1065,10089,2041,Ikan Bakar,2023-06-28 00:00:00,7,51523,7000,353661,QRIS,Jakarta,Canceled
1066,10022,2014,Mie Goreng,2023-01-29 00:00:00,4,26198,3000,101792,E-Wallet,Jakarta,Returned
1067,10065,2041,Ayam Bakar,2023-03-03 00:00:00,9,54020,5000,481180,QRIS,Medan,Returned
1068,10083,2029,Sate Ayam,2023-11-27 00:00:00,7,25707,0,179949,Bank Transfer,Surabaya,Canceled
1069,10026,2061,Sate Ayam,2023-04-26 00:00:00,9,19474,3000,172266,Bank Transfer,Jakarta,Canceled
1070,10096,2050,Nasi Goreng,2023-06-21 00:00:00,8,44766,3000,355128,Bank Transfer,Medan,Canceled
1071,10061,2057,Ikan Bakar,2023-09-25 00:00:00,7,54417,3000,377919,Bank Transfer,Jakarta,Canceled
1072,10055,2080,Mie Goreng,2023-04-23 00:00:00,2,47505,5000,90010,COD,Semarang,Canceled
1073,10000,2018,Sate Ayam,2023-05-10 00:00:00,5,48559,5000,237795,E-Wallet,Semarang,Pending
1074,10016,2037,Soto Betawi,2023-11-21 00:00:00,4,50545,3000,199180,Bank Transfer,Surabaya,Returned
1075,10058,2069,Soto Betawi,2023-12-15 00:00:00,3,59811,5000,174433,E-Wallet,Medan,Pending
1076,10089,2066,Bakso,2023-05-27 00:00:00,4,12911,5000,46644,Bank Transfer,Surabaya,Returned
1077,10038,2081,Soto Betawi,2023-05-09 00:00:00,9,49384,1000,443456,Credit Card,Bandung,Pending
1078,10015,2089,Soto Betawi,2023-03-01 00:00:00,1,12049,0,12049,QRIS,Jakarta,Canceled
1079,10031,2008,Sate Ayam,2023-04-09 00:00:00,3,25151,3000,72453,QRIS,Semarang,Delivered
1080,10032,2023,Ikan Bakar,2023-03-16 00:00:00,1,42711,5000,37711,QRIS,Jakarta,Pending
1081,10088,2098,Sate Ayam,2023-12-15 00:00:00,2,56975,1000,112950,Credit Card,Jakarta,Pending
1082,10079,2060,Sate Ayam,2023-06-10 00:00:00,4,33328,7000,126312,QRIS,Semarang,Returned
1083,10007,2006,Mie Goreng,2023-05-08 00:00:00,1,14555,3000,11555,E-Wallet,Jakarta,Pending
1084,10021,2029,Sate Ayam,2023-08-18 00:00:00,3,20677,3000,59031,E-Wallet,Yogyakarta,Canceled
1085,10029,2096,Ikan Bakar,2023-11-13 00:00:00,3,47410,0,142230,Bank Transfer,Medan,Returned
1086,10029,2092,Sate Ayam,2023-01-06 00:00:00,3,42635,0,127905,COD,Semarang,Canceled
1087,10045,2052,Bakso,2023-04-09 00:00:00,1,10190,7000,3190,COD,Semarang,Pending
1088,10032,2066,Soto Betawi,2023-01-18 00:00:00,9,42745,1000,383705,E-Wallet,Semarang,Delivered
1089,10023,2031,Bakso,2023-12-08 00:00:00,7,45777,3000,317439,Credit Card,Yogyakarta,Delivered
1090,10016,2032,Sate Ayam,2023-10-26 00:00:00,6,50111,7000,293666,Credit Card,Bali,Delivered
1091,10098,2049,Sate Ayam,2023-01-13 00:00:00,7,34376,5000,235632,COD,Medan,Canceled
1092,10007,2015,Sate Ayam,2023-05-23 00:00:00,2,23121,3000,43242,Bank Transfer,Yogyakarta,Pending
1093,10061,2021,Nasi Goreng,2023-02-27 00:00:00,6,41024,5000,241144,Credit Card,Jakarta,Pending
1094,10053,2059,Ayam Bakar,2023-09-21 00:00:00,5,13051,5000,60255,COD,Bali,Returned
1095,10005,2095,Ikan Bakar,2023-12-16 00:00:00,3,49734,5000,144202,COD,Yogyakarta,Returned
1096,10029,2018,Sate Ayam,2023-04-30 00:00:00,3,38251,1000,113753,Credit Card,Jakarta,Delivered
1097,10061,2022,Bakso,2023-05-09 00:00:00,1,56175,0,56175,COD,Jakarta,Canceled
1098,10015,2060,Bakso,2023-07-11 00:00:00,5,57893,7000,282465,E-Wallet,Medan,Delivered
1099,10015,2050,Ayam Bakar,2023-03-27 00:00:00,9,37932,5000,336388,COD,Bali,Canceled
1100,10093,2061,Ikan Bakar,2023-07-23 00:00:00,5,39222,5000,191110,Bank Transfer,Jakarta,Delivered
1101,10022,2009,Sate Ayam,2023-11-21 00:00:00,4,12849,5000,46396,Credit Card,Yogyakarta,Pending
1102,10057,2095,Sate Ayam,2023-11-21 00:00:00,4,37663,1000,149652,Bank Transfer,Medan,Returned
1103,10031,2090,Ikan Bakar,2023-06-01 00:00:00,2,21938,5000,38876,Bank Transfer,Surabaya,Canceled
1104,10050,2042,Ayam Bakar,2023-09-25 00:00:00,3,42320,0,126960,Credit Card,Bandung,Returned
1105,10028,2012,Ikan Bakar,2023-04-05 00:00:00,2,41996,3000,80992,Credit Card,Bandung,Pending
1106,10080,2089,Soto Betawi,2023-04-03 00:00:00,2,51576,5000,98152,Credit Card,Jakarta,Delivered
1107,10074,2028,Soto Betawi,2023-08-05 00:00:00,5,33548,0,167740,QRIS,Yogyakarta,Canceled
1108,10072,2023,Soto Betawi,2023-08-15 00:00:00,1,27506,5000,22506,Credit Card,Surabaya,Pending
1109,10095,2023,Bakso,2023-07-09 00:00:00,5,54811,0,274055,COD,Bali,Canceled
1110,10098,2029,Sate Ayam,2023-03-03 00:00:00,4,56959,0,227836,COD,Bandung,Pending
1111,10048,2099,Ikan Bakar,2023-08-21 00:00:00,3,46939,0,140817,QRIS,Jakarta,Pending
1112,10051,2082,Nasi Goreng,2023-05-24 00:00:00,5,47259,0,236295,QRIS,Bandung,Canceled
1113,10099,2052,Bakso,2023-05-24 00:00:00,9,11062,7000,92558,COD,Yogyakarta,Delivered
1114,10038,2013,Bakso,2023-05-02 00:00:00,5,33714,7000,161570,E-Wallet,Bandung,Delivered
1115,10075,2008,Nasi Goreng,2023-09-10 00:00:00,6,11542,7000,62252,Credit Card,Surabaya,Delivered
1116,10026,2065,Ayam Bakar,2023-01-29 00:00:00,5,36962,7000,177810,Bank Transfer,Jakarta,Returned
1117,10016,2070,Sate Ayam,2023-10-28 00:00:00,4,45909,5000,178636,E-Wallet,Jakarta,Returned
1118,10053,2038,Mie Goreng,2023-07-21 00:00:00,3,38710,3000,113130,COD,Jakarta,Delivered
1119,10091,2057,Ikan Bakar,2023-11-13 00:00:00,9,52918,0,476262,E-Wallet,Jakarta,Returned
1120,10061,2062,Ikan Bakar,2023-11-08 00:00:00,1,47797,7000,40797,Credit Card,Medan,Canceled
1121,10031,2044,Ayam Bakar,2023-10-30 00:00:00,5,30559,7000,145795,E-Wallet,Medan,Canceled
1122,10035,2098,Mie Goreng,2023-01-20 00:00:00,9,58529,0,526761,Bank Transfer,Jakarta,Pending
1123,10030,2000,Ayam Bakar,2023-02-23 00:00:00,6,13330,0,79980,E-Wallet,Medan,Delivered
1124,10095,2015,Soto Betawi,2023-12-24 00:00:00,8,10667,7000,78336,Credit Card,Medan,Returned
1125,10089,2007,Nasi Goreng,2023-11-12 00:00:00,2,43307,5000,81614,COD,Surabaya,Returned
1126,10063,2026,Sate Ayam,2023-05-25 00:00:00,9,23216,7000,201944,QRIS,Jakarta,Returned
1127,10028,2012,Sate Ayam,2023-02-04 00:00:00,6,15713,3000,91278,COD,Bali,Canceled
1128,10065,2009,Soto Betawi,2023-10-13 00:00:00,2,39548,7000,72096,Bank Transfer,Jakarta,Canceled
1129,10017,2095,Bakso,2023-06-26 00:00:00,5,33833,0,169165,E-Wallet,Bandung,Canceled
1130,10076,2032,Nasi Goreng,2023-04-15 00:00:00,3,18702,0,56106,COD,Semarang,Pending
1131,10005,2091,Sate Ayam,2023-07-16 00:00:00,5,48757,3000,240785,COD,Bali,Canceled
1132,10052,2036,Nasi Goreng,2023-03-24 00:00:00,1,58212,0,58212,Bank Transfer,Bandung,Canceled
1133,10076,2003,Sate Ayam,2023-10-15 00:00:00,2,46187,1000,91374,Credit Card,Yogyakarta,Delivered
1134,10002,2049,Ikan Bakar,2023-02-23 00:00:00,5,34285,3000,168425,Bank Transfer,Surabaya,Returned
1135,10046,2022,Bakso,2023-08-17 00:00:00,5,22173,1000,109865,E-Wallet,Bandung,Pending
1136,10037,2063,Ikan Bakar,2023-08-14 00:00:00,6,52289,1000,312734,Credit Card,Jakarta,Pending
1137,10090,2050,Bakso,2023-11-04 00:00:00,9,41703,5000,370327,Credit Card,Bandung,Canceled
1138,10004,2028,Ikan Bakar,2023-05-18 00:00:00,8,29856,1000,237848,Bank Transfer,Medan,Returned
1139,10087,2068,Nasi Goreng,2023-09-19 00:00:00,5,15569,7000,70845,E-Wallet,Bandung,Returned
1140,10074,2022,Bakso,2023-12-02 00:00:00,6,32415,5000,189490,QRIS,Semarang,Canceled
1141,10066,2095,Mie Goreng,2023-06-04 00:00:00,2,38732,1000,76464,E-Wallet,Bandung,Canceled
1142,10004,2081,Ikan Bakar,2023-06-19 00:00:00,6,23716,0,142296,COD,Surabaya,Returned
1143,10089,2045,Nasi Goreng,2023-03-19 00:00:00,9,33321,0,299889,Bank Transfer,Jakarta,Pending
1144,10055,2093,Mie Goreng,2023-11-15 00:00:00,1,39721,5000,34721,Bank Transfer,Semarang,Canceled
1145,10098,2051,Bakso,2023-10-30 00:00:00,8,55781,1000,445248,QRIS,Bali,Delivered
1146,10087,2001,Ayam Bakar,2023-06-03 00:00:00,8,15126,3000,118008,E-Wallet,Bali,Returned
1147,10017,2037,Mie Goreng,2023-01-15 00:00:00,9,48518,7000,429662,QRIS,Yogyakarta,Pending
1148,10056,2016,Bakso,2023-03-27 00:00:00,9,49056,7000,434504,QRIS,Surabaya,Returned
1149,10009,2066,Sate Ayam,2023-04-19 00:00:00,2,36734,5000,68468,Credit Card,Bali,Returned
1150,10039,2082,Nasi Goreng,2023-04-11 00:00:00,6,29123,1000,173738,Credit Card,Bandung,Returned
1151,10058,2069,Ayam Bakar,2023-10-16 00:00:00,5,37285,7000,179425,QRIS,Jakarta,Pending
1152,10061,2061,Sate Ayam,2023-04-05 00:00:00,8,37446,0,299568,E-Wallet,Bandung,Pending
1153,10039,2035,Soto Betawi,2023-08-11 00:00:00,6,51427,5000,303562,E-Wallet,Medan,Pending
1154,10005,2093,Soto Betawi,2023-03-03 00:00:00,9,10846,3000,94614,Credit Card,Bandung,Canceled
1155,10043,2004,Sate Ayam,2023-04-28 00:00:00,4,36386,5000,140544,Bank Transfer,Medan,Canceled
1156,10011,2046,Sate Ayam,2023-03-31 00:00:00,6,11828,3000,67968,QRIS,Jakarta,Pending
1157,10002,2032,Sate Ayam,2023-06-27 00:00:00,8,10009,7000,73072,Credit Card,Medan,Delivered
1158,10012,2039,Nasi Goreng,2023-03-25 00:00:00,1,11342,7000,4342,Bank Transfer,Surabaya,Canceled
1159,10074,2014,Soto Betawi,2023-02-07 00:00:00,7,46258,0,323806,COD,Jakarta,Returned
1160,10049,2077,Ayam Bakar,2023-05-17 00:00:00,2,29019,3000,55038,E-Wallet,Surabaya,Returned
1161,10063,2021,Ikan Bakar,2023-11-16 00:00:00,8,51832,7000,407656,QRIS,Jakarta,Pending
1162,10084,2036,Ayam Bakar,2023-12-05 00:00:00,4,26984,7000,100936,Credit Card,Surabaya,Delivered
1163,10039,2071,Bakso,2023-04-14 00:00:00,3,17804,0,53412,Bank Transfer,Surabaya,Canceled
1164,10096,2065,Sate Ayam,2023-11-05 00:00:00,8,36727,3000,290816,E-Wallet,Jakarta,Delivered
1165,10066,2006,Mie Goreng,2023-02-11 00:00:00,4,25374,7000,94496,Bank Transfer,Medan,Delivered
1166,10026,2035,Ayam Bakar,2023-02-07 00:00:00,9,11120,7000,93080,COD,Bandung,Pending
1167,10032,2067,Sate Ayam,2023-11-18 00:00:00,5,56714,1000,282570,Bank Transfer,Jakarta,Delivered
1168,10012,2030,Bakso,2023-08-16 00:00:00,8,50631,7000,398048,COD,Jakarta,Pending
1169,10067,2075,Ayam Bakar,2023-05-10 00:00:00,3,49666,5000,143998,QRIS,Yogyakarta,Pending
1170,10026,2068,Ikan Bakar,2023-01-11 00:00:00,8,20789,1000,165312,E-Wallet,Medan,Delivered
1171,10012,2061,Nasi Goreng,2023-04-21 00:00:00,8,43595,3000,345760,QRIS,Medan,Returned
1172,10067,2004,Soto Betawi,2023-10-20 00:00:00,8,10126,1000,80008,Bank Transfer,Medan,Pending
1173,10008,2050,Ayam Bakar,2023-10-23 00:00:00,9,13797,3000,121173,Bank Transfer,Jakarta,Canceled
1174,10020,2089,Sate Ayam,2023-07-01 00:00:00,7,29256,0,204792,E-Wallet,Semarang,Pending
1175,10020,2046,Sate Ayam,2023-11-05 00:00:00,9,49224,7000,436016,Credit Card,Surabaya,Pending
1176,10062,2024,Nasi Goreng,2023-03-16 00:00:00,6,18577,1000,110462,E-Wallet,Yogyakarta,Pending
1177,10016,2042,Mie Goreng,2023-12-30 00:00:00,3,55719,0,167157,QRIS,Jakarta,Canceled
1178,10087,2032,Sate Ayam,2023-10-12 00:00:00,6,29097,5000,169582,Credit Card,Jakarta,Canceled
1179,10070,2080,Ikan Bakar,2023-12-27 00:00:00,1,47011,5000,42011,COD,Semarang,Canceled
1180,10070,2000,Soto Betawi,2023-05-21 00:00:00,7,12482,3000,84374,E-Wallet,Jakarta,Returned
1181,10029,2028,Sate Ayam,2023-10-13 00:00:00,8,33570,1000,267560,Bank Transfer,Jakarta,Pending
1182,10046,2065,Sate Ayam,2023-04-23 00:00:00,2,21485,3000,39970,QRIS,Surabaya,Returned
1183,10028,2054,Bakso,2023-05-11 00:00:00,3,20093,1000,59279,QRIS,Surabaya,Pending
1184,10054,2091,Soto Betawi,2023-06-27 00:00:00,7,25708,0,179956,Bank Transfer,Bali,Pending
1185,10087,2086,Mie Goreng,2023-09-12 00:00:00,8,41480,7000,324840,E-Wallet,Bandung,Canceled
1186,10091,2007,Nasi Goreng,2023-10-18 00:00:00,8,41821,3000,331568,QRIS,Medan,Canceled
1187,10053,2084,Sate Ayam,2023-08-11 00:00:00,7,27327,1000,190289,Credit Card,Bali,Canceled
1188,10022,2084,Mie Goreng,2023-04-22 00:00:00,3,23859,7000,64577,QRIS,Yogyakarta,Delivered
1189,10000,2046,Ayam Bakar,2023-01-11 00:00:00,2,39378,5000,73756,QRIS,Jakarta,Canceled
1190,10037,2093,Sate Ayam,2023-08-14 00:00:00,5,17083,3000,82415,QRIS,Yogyakarta,Delivered
1191,10023,2080,Nasi Goreng,2023-06-07 00:00:00,8,12106,0,96848,Credit Card,Bandung,Canceled
1192,10013,2008,Soto Betawi,2023-08-25 00:00:00,9,33752,3000,300768,QRIS,Yogyakarta,Delivered
1193,10028,2097,Bakso,2023-10-20 00:00:00,6,41889,7000,244334,Credit Card,Medan,Canceled
1194,10037,2033,Sate Ayam,2023-06-14 00:00:00,9,22875,7000,198875,Credit Card,Jakarta,Canceled
1195,10026,2056,Bakso,2023-05-14 00:00:00,8,40987,7000,320896,Bank Transfer,Jakarta,Pending
1196,10009,2044,Sate Ayam,2023-07-09 00:00:00,2,45835,3000,88670,Bank Transfer,Bandung,Canceled
1197,10035,2025,Ayam Bakar,2023-05-29 00:00:00,8,34063,5000,267504,Bank Transfer,Bandung,Pending
1198,10098,2053,Nasi Goreng,2023-02-24 00:00:00,8,14853,7000,111824,Bank Transfer,Yogyakarta,Returned
1199,10019,2082,Mie Goreng,2023-09-01 00:00:00,1,34058,7000,27058,E-Wallet,Yogyakarta,Canceled
1200,10025,2065,Ayam Bakar,2023-03-14 00:00:00,9,45111,0,405999,Bank Transfer,Surabaya,Canceled
1201,10042,2041,Sate Ayam,2023-02-08 00:00:00,3,55186,1000,164558,COD,Medan,Returned
1202,10050,2093,Sate Ayam,2023-12-20 00:00:00,3,36212,5000,103636,E-Wallet,Bandung,Canceled
1203,10060,2016,Nasi Goreng,2023-02-26 00:00:00,7,30491,3000,210437,COD,Surabaya,Pending
1204,10079,2069,Soto Betawi,2023-01-25 00:00:00,2,21918,3000,40836,Credit Card,Surabaya,Canceled
1205,10025,2046,Soto Betawi,2023-09-23 00:00:00,7,51360,1000,358520,COD,Jakarta,Delivered
1206,10006,2013,Bakso,2023-04-27 00:00:00,7,14232,3000,96624,Credit Card,Bandung,Pending
1207,10092,2081,Bakso,2023-04-13 00:00:00,1,34077,3000,31077,QRIS,Medan,Canceled
1208,10097,2002,Ayam Bakar,2023-06-20 00:00:00,8,41705,5000,328640,Bank Transfer,Medan,Canceled
1209,10085,2024,Ayam Bakar,2023-07-29 00:00:00,1,38687,7000,31687,Credit Card,Medan,Delivered
1210,10065,2054,Mie Goreng,2023-06-19 00:00:00,2,47114,7000,87228,COD,Yogyakarta,Returned
1211,10095,2098,Mie Goreng,2023-02-08 00:00:00,4,55084,0,220336,COD,Jakarta,Canceled
1212,10056,2015,Soto Betawi,2023-08-24 00:00:00,9,47129,0,424161,QRIS,Jakarta,Canceled
1213,10093,2048,Mie Goreng,2023-05-22 00:00:00,8,42413,1000,338304,QRIS,Yogyakarta,Delivered
1214,10036,2024,Soto Betawi,2023-07-12 00:00:00,5,34557,0,172785,Bank Transfer,Surabaya,Returned
1215,10067,2011,Mie Goreng,2023-10-20 00:00:00,5,51898,5000,254490,E-Wallet,Jakarta,Canceled
1216,10097,2024,Bakso,2023-02-21 00:00:00,4,58988,7000,228952,E-Wallet,Jakarta,Delivered
1217,10073,2097,Sate Ayam,2023-08-06 00:00:00,9,37376,1000,335384,E-Wallet,Semarang,Delivered
1218,10004,2004,Sate Ayam,2023-02-16 00:00:00,7,56600,3000,393200,QRIS,Yogyakarta,Canceled
1219,10060,2034,Nasi Goreng,2023-12-04 00:00:00,1,57319,3000,54319,E-Wallet,Jakarta,Canceled
1220,10088,2072,Ikan Bakar,2023-12-23 00:00:00,2,27674,0,55348,E-Wallet,Bandung,Returned
1221,10028,2008,Mie Goreng,2023-08-14 00:00:00,9,56542,0,508878,COD,Bandung,Pending
1222,10097,2087,Ikan Bakar,2023-02-07 00:00:00,8,31754,7000,247032,Credit Card,Yogyakarta,Delivered
1223,10036,2059,Soto Betawi,2023-10-11 00:00:00,5,31452,0,157260,Credit Card,Semarang,Canceled
1224,10095,2061,Ayam Bakar,2023-04-25 00:00:00,3,11591,1000,33773,E-Wallet,Jakarta,Canceled
1225,10032,2005,Soto Betawi,2023-05-27 00:00:00,8,12139,0,97112,E-Wallet,Bandung,Returned
1226,10040,2012,Mie Goreng,2023-02-14 00:00:00,9,36292,1000,325628,QRIS,Bali,Pending
1227,10037,2059,Bakso,2023-05-13 00:00:00,9,59138,1000,531242,Credit Card,Semarang,Pending
1228,10052,2029,Bakso,2023-03-23 00:00:00,4,58845,7000,228380,COD,Medan,Pending
1229,10065,2095,Ayam Bakar,2023-02-15 00:00:00,1,44832,1000,43832,QRIS,Semarang,Returned
1230,10034,2069,Mie Goreng,2023-03-15 00:00:00,9,52207,1000,468863,QRIS,Medan,Pending
1231,10093,2036,Ayam Bakar,2023-10-05 00:00:00,4,17059,5000,63236,Credit Card,Medan,Pending
1232,10063,2016,Ikan Bakar,2023-07-12 00:00:00,6,30953,3000,182718,Credit Card,Yogyakarta,Delivered
1233,10063,2046,Ayam Bakar,2023-07-23 00:00:00,4,35338,3000,138352,QRIS,Jakarta,Returned
1234,10006,2028,Mie Goreng,2023-02-02 00:00:00,6,41598,3000,246588,E-Wallet,Yogyakarta,Pending
1235,10025,2097,Sate Ayam,2023-08-14 00:00:00,4,24288,3000,94152,COD,Surabaya,Pending
1236,10014,2028,Ayam Bakar,2023-03-16 00:00:00,4,56766,5000,222064,E-Wallet,Bandung,Pending
1237,10080,2055,Ikan Bakar,2023-01-21 00:00:00,5,38602,5000,188010,E-Wallet,Surabaya,Canceled
1238,10002,2000,Nasi Goreng,2023-01-15 00:00:00,2,11980,3000,20960,Bank Transfer,Surabaya,Returned
1239,10011,2017,Bakso,2023-07-27 00:00:00,8,31563,0,252504,Bank Transfer,Jakarta,Canceled
1240,10007,2078,Mie Goreng,2023-06-23 00:00:00,2,40707,3000,78414,COD,Semarang,Returned
1241,10052,2023,Ikan Bakar,2023-02-15 00:00:00,9,57837,0,520533,QRIS,Medan,Returned
1242,10008,2037,Soto Betawi,2023-11-15 00:00:00,6,15109,7000,83654,COD,Yogyakarta,Returned
1243,10071,2010,Soto Betawi,2023-07-24 00:00:00,1,46935,7000,39935,Credit Card,Jakarta,Returned
1244,10081,2094,Sate Ayam,2023-02-01 00:00:00,9,30581,0,275229,E-Wallet,Jakarta,Pending
1245,10087,2040,Sate Ayam,2023-03-17 00:00:00,9,48559,5000,432031,QRIS,Surabaya,Delivered
1246,10039,2031,Nasi Goreng,2023-12-19 00:00:00,2,16368,0,32736,Bank Transfer,Jakarta,Delivered
1247,10032,2076,Ikan Bakar,2023-06-03 00:00:00,6,53201,1000,318206,Credit Card,Yogyakarta,Pending
1248,10097,2043,Sate Ayam,2023-12-26 00:00:00,3,59786,0,179358,Bank Transfer,Bali,Pending
1249,10031,2040,Nasi Goreng,2023-07-23 00:00:00,8,46679,1000,372432,QRIS,Jakarta,Returned
1250,10061,2006,Mie Goreng,2023-03-25 00:00:00,4,21653,1000,85612,Credit Card,Bali,Pending
1251,10040,2059,Nasi Goreng,2023-01-14 00:00:00,2,25349,5000,45698,QRIS,Jakarta,Canceled
1252,10044,2018,Bakso,2023-08-26 00:00:00,4,14780,7000,52120,COD,Bali,Returned
1253,10050,2043,Nasi Goreng,2023-07-30 00:00:00,6,47412,0,284472,E-Wallet,Bandung,Returned
1254,10073,2034,Ayam Bakar,2023-04-03 00:00:00,6,56286,0,337716,QRIS,Surabaya,Delivered
1255,10084,2030,Nasi Goreng,2023-01-24 00:00:00,4,57908,5000,226632,QRIS,Medan,Delivered
1256,10019,2059,Soto Betawi,2023-02-19 00:00:00,1,25282,0,25282,QRIS,Yogyakarta,Canceled
1257,10097,2099,Nasi Goreng,2023-12-01 00:00:00,2,21171,1000,41342,E-Wallet,Bandung,Delivered
1258,10011,2002,Ayam Bakar,2023-01-18 00:00:00,8,29342,0,234736,E-Wallet,Yogyakarta,Returned
1259,10099,2093,Bakso,2023-10-25 00:00:00,2,43142,7000,79284,COD,Jakarta,Canceled
1260,10040,2061,Sate Ayam,2023-11-12 00:00:00,8,45046,0,360368,QRIS,Yogyakarta,Pending
1261,10069,2016,Mie Goreng,2023-12-11 00:00:00,9,12113,3000,106017,COD,Jakarta,Pending
1262,10064,2039,Ikan Bakar,2023-06-13 00:00:00,7,46142,3000,319994,Credit Card,Bandung,Delivered
1263,10013,2079,Nasi Goreng,2023-04-03 00:00:00,9,52240,7000,463160,QRIS,Semarang,Pending
1264,10075,2000,Sate Ayam,2023-03-05 00:00:00,6,16099,5000,91594,Bank Transfer,Bandung,Canceled
1265,10046,2075,Ayam Bakar,2023-11-01 00:00:00,1,19847,5000,14847,QRIS,Bali,Pending
1266,10005,2060,Ikan Bakar,2023-11-30 00:00:00,2,10968,7000,14936,QRIS,Yogyakarta,Canceled
1267,10000,2034,Sate Ayam,2023-09-02 00:00:00,5,39856,0,199280,E-Wallet,Jakarta,Returned
1268,10019,2052,Nasi Goreng,2023-08-04 00:00:00,2,55272,1000,109544,COD,Surabaya,Pending
1269,10094,2055,Bakso,2023-06-27 00:00:00,7,50363,5000,347541,COD,Medan,Returned
1270,10049,2007,Nasi Goreng,2023-12-07 00:00:00,1,51974,7000,44974,COD,Bali,Delivered
1271,10046,2033,Sate Ayam,2023-11-07 00:00:00,7,25577,3000,176039,Credit Card,Jakarta,Delivered
1272,10081,2016,Nasi Goreng,2023-05-16 00:00:00,8,54912,5000,434296,E-Wallet,Semarang,Canceled
1273,10045,2067,Sate Ayam,2023-01-01 00:00:00,3,23598,7000,63794,COD,Surabaya,Delivered
1274,10061,2091,Nasi Goreng,2023-07-11 00:00:00,6,59726,0,358356,Bank Transfer,Surabaya,Canceled
1275,10047,2012,Sate Ayam,2023-09-02 00:00:00,9,49882,5000,443938,Credit Card,Jakarta,Delivered
1276,10003,2018,Sate Ayam,2023-03-23 00:00:00,9,58406,3000,522654,COD,Bandung,Canceled
1277,10087,2053,Bakso,2023-03-30 00:00:00,5,13726,0,68630,QRIS,Yogyakarta,Pending
1278,10014,2020,Mie Goreng,2023-11-12 00:00:00,9,27824,0,250416,Bank Transfer,Bandung,Returned
1279,10089,2010,Mie Goreng,2023-04-20 00:00:00,2,45757,0,91514,E-Wallet,Jakarta,Delivered
1280,10071,2047,Nasi Goreng,2023-04-27 00:00:00,9,42779,7000,378011,Credit Card,Semarang,Canceled
1281,10078,2043,Ikan Bakar,2023-09-28 00:00:00,7,26173,1000,182211,QRIS,Bandung,Pending
1282,10020,2022,Mie Goreng,2023-12-02 00:00:00,5,31627,0,158135,QRIS,Bandung,Pending
1283,10014,2067,Ayam Bakar,2023-05-21 00:00:00,6,47650,1000,284900,COD,Medan,Returned
1284,10051,2026,Ayam Bakar,2023-08-27 00:00:00,3,59257,5000,172771,Credit Card,Yogyakarta,Canceled
1285,10076,2003,Nasi Goreng,2023-12-11 00:00:00,7,58478,5000,404346,Credit Card,Bali,Canceled
1286,10030,2070,Bakso,2023-11-08 00:00:00,1,34489,7000,27489,Credit Card,Semarang,Returned
1287,10083,2067,Sate Ayam,2023-09-20 00:00:00,6,52368,5000,309208,COD,Yogyakarta,Pending
1288,10012,2021,Sate Ayam,2023-10-04 00:00:00,6,19435,0,116610,Credit Card,Surabaya,Pending
1289,10009,2087,Nasi Goreng,2023-05-01 00:00:00,8,16295,0,130360,Credit Card,Bandung,Canceled
1290,10067,2049,Soto Betawi,2023-01-19 00:00:00,4,17227,1000,67908,Bank Transfer,Yogyakarta,Pending
1291,10035,2073,Sate Ayam,2023-08-30 00:00:00,5,36160,3000,177800,QRIS,Yogyakarta,Canceled
1292,10020,2080,Sate Ayam,2023-10-20 00:00:00,3,43755,3000,128265,Credit Card,Surabaya,Delivered
1293,10076,2056,Sate Ayam,2023-09-15 00:00:00,3,14358,7000,36074,Credit Card,Bandung,Delivered
1294,10038,2040,Sate Ayam,2023-10-07 00:00:00,3,48467,1000,144401,Credit Card,Semarang,Pending
1295,10035,2096,Ikan Bakar,2023-03-14 00:00:00,8,20106,0,160848,QRIS,Jakarta,Canceled
1296,10059,2001,Ikan Bakar,2023-01-05 00:00:00,5,44503,1000,221515,E-Wallet,Jakarta,Returned
1297,10057,2002,Sate Ayam,2023-11-22 00:00:00,2,29201,0,58402,E-Wallet,Yogyakarta,Pending
1298,10029,2007,Sate Ayam,2023-10-27 00:00:00,4,57556,7000,223224,COD,Bali,Pending
1299,10054,2079,Nasi Goreng,2023-06-07 00:00:00,9,13083,0,117747,QRIS,Semarang,Returned
1300,10002,2015,Sate Ayam,2023-08-25 00:00:00,7,47211,3000,327477,COD,Medan,Returned
1301,10064,2029,Ayam Bakar,2023-03-25 00:00:00,6,36342,0,218052,COD,Semarang,Returned
1302,10037,2097,Ayam Bakar,2023-05-22 00:00:00,4,15782,1000,62128,COD,Yogyakarta,Canceled
1303,10084,2001,Mie Goreng,2023-09-06 00:00:00,9,28880,3000,256920,E-Wallet,Medan,Delivered
1304,10022,2025,Ikan Bakar,2023-11-07 00:00:00,6,27826,3000,163956,QRIS,Jakarta,Returned
1305,10011,2048,Nasi Goreng,2023-06-15 00:00:00,2,31932,3000,60864,Credit Card,Jakarta,Delivered
1306,10005,2066,Soto Betawi,2023-01-07 00:00:00,4,50461,0,201844,COD,Bandung,Delivered
1307,10090,2001,Mie Goreng,2023-07-25 00:00:00,4,58895,1000,234580,Bank Transfer,Yogyakarta,Canceled
1308,10053,2032,Ikan Bakar,2023-04-05 00:00:00,1,35709,7000,28709,QRIS,Bandung,Pending
1309,10040,2005,Sate Ayam,2023-05-21 00:00:00,5,58519,7000,285595,Credit Card,Medan,Canceled
1310,10078,2067,Ayam Bakar,2023-01-12 00:00:00,4,45262,7000,174048,E-Wallet,Jakarta,Delivered
1311,10059,2022,Mie Goreng,2023-10-14 00:00:00,3,23828,3000,68484,Credit Card,Yogyakarta,Canceled
1312,10001,2010,Nasi Goreng,2023-09-10 00:00:00,8,40158,0,321264,E-Wallet,Surabaya,Pending
1313,10020,2072,Ikan Bakar,2023-07-09 00:00:00,3,16406,5000,44218,Bank Transfer,Medan,Returned
1314,10039,2016,Ayam Bakar,2023-12-25 00:00:00,4,13292,5000,48168,QRIS,Medan,Delivered
1315,10049,2062,Ayam Bakar,2023-04-26 00:00:00,3,41238,3000,120714,QRIS,Jakarta,Delivered
1316,10070,2085,Ayam Bakar,2023-07-02 00:00:00,2,34282,7000,61564,COD,Yogyakarta,Pending
1317,10057,2038,Ayam Bakar,2023-03-06 00:00:00,5,34817,7000,167085,COD,Jakarta,Delivered
1318,10044,2031,Ikan Bakar,2023-07-07 00:00:00,5,39300,1000,195500,QRIS,Yogyakarta,Returned
1319,10081,2098,Sate Ayam,2023-08-09 00:00:00,4,40620,1000,161480,COD,Yogyakarta,Canceled
1320,10063,2016,Soto Betawi,2023-05-09 00:00:00,2,59723,7000,112446,Bank Transfer,Yogyakarta,Delivered
1321,10057,2059,Soto Betawi,2023-10-04 00:00:00,7,37425,3000,258975,Bank Transfer,Bali,Canceled
1322,10059,2086,Soto Betawi,2023-06-22 00:00:00,3,57684,5000,168052,Bank Transfer,Bali,Canceled
1323,10007,2076,Soto Betawi,2023-03-28 00:00:00,1,17788,3000,14788,E-Wallet,Semarang,Canceled
1324,10004,2019,Ayam Bakar,2023-08-20 00:00:00,4,19866,5000,74464,E-Wallet,Bali,Pending
1325,10027,2050,Mie Goreng,2023-09-18 00:00:00,5,49261,1000,245305,QRIS,Surabaya,Pending
1326,10007,2024,Sate Ayam,2023-02-18 00:00:00,4,42125,5000,163500,Bank Transfer,Surabaya,Canceled
1327,10061,2009,Ayam Bakar,2023-06-13 00:00:00,8,27153,7000,210224,COD,Semarang,Pending
1328,10015,2031,Soto Betawi,2023-08-14 00:00:00,1,33953,0,33953,Bank Transfer,Semarang,Pending
1329,10077,2088,Nasi Goreng,2023-10-05 00:00:00,4,12461,5000,44844,COD,Medan,Returned
1330,10050,2045,Sate Ayam,2023-05-02 00:00:00,7,59190,0,414330,QRIS,Surabaya,Pending
1331,10017,2020,Ayam Bakar,2023-05-29 00:00:00,8,43069,5000,339552,E-Wallet,Semarang,Delivered
1332,10021,2088,Sate Ayam,2023-12-14 00:00:00,2,23057,7000,39114,COD,Bali,Returned
1333,10026,2049,Bakso,2023-03-29 00:00:00,6,13754,7000,75524,COD,Surabaya,Returned
1334,10002,2062,Sate Ayam,2023-01-19 00:00:00,7,39725,5000,273075,Bank Transfer,Semarang,Canceled
1335,10007,2057,Soto Betawi,2023-03-13 00:00:00,1,35860,3000,32860,Bank Transfer,Medan,Returned
1336,10098,2095,Soto Betawi,2023-12-28 00:00:00,2,54522,0,109044,Credit Card,Jakarta,Returned
1337,10045,2090,Mie Goreng,2023-03-07 00:00:00,9,12159,7000,102431,Bank Transfer,Medan,Returned
1338,10085,2089,Nasi Goreng,2023-02-23 00:00:00,1,23944,1000,22944,COD,Surabaya,Returned
1339,10074,2015,Mie Goreng,2023-08-11 00:00:00,7,22087,3000,151609,COD,Yogyakarta,Returned
1340,10003,2019,Nasi Goreng,2023-01-24 00:00:00,6,59378,1000,355268,COD,Jakarta,Canceled
1341,10053,2020,Nasi Goreng,2023-02-07 00:00:00,4,43848,7000,168392,QRIS,Surabaya,Pending
1342,10070,2003,Ayam Bakar,2023-01-14 00:00:00,3,26087,7000,71261,Credit Card,Bali,Returned
1343,10003,2023,Nasi Goreng,2023-06-07 00:00:00,2,24226,5000,43452,QRIS,Bandung,Canceled
1344,10062,2082,Sate Ayam,2023-06-01 00:00:00,6,23428,5000,135568,E-Wallet,Semarang,Canceled
1345,10099,2093,Bakso,2023-04-23 00:00:00,7,20720,1000,144040,QRIS,Surabaya,Pending
1346,10091,2046,Mie Goreng,2023-11-09 00:00:00,6,20028,0,120168,Bank Transfer,Jakarta,Returned
1347,10019,2046,Mie Goreng,2023-07-17 00:00:00,7,24472,1000,170304,COD,Surabaya,Returned
1348,10060,2009,Nasi Goreng,2023-09-16 00:00:00,1,52845,7000,45845,Bank Transfer,Bandung,Canceled
1349,10050,2018,Nasi Goreng,2023-02-04 00:00:00,3,39252,7000,110756,COD,Medan,Canceled
1350,10020,2073,Soto Betawi,2023-09-18 00:00:00,4,58709,1000,233836,QRIS,Jakarta,Pending
1351,10038,2034,Sate Ayam,2023-10-07 00:00:00,9,53619,0,482571,QRIS,Medan,Returned
1352,10056,2030,Ikan Bakar,2023-06-01 00:00:00,9,55603,7000,493427,QRIS,Yogyakarta,Delivered
1353,10085,2091,Bakso,2023-06-12 00:00:00,7,29675,1000,206725,Credit Card,Surabaya,Canceled
1354,10069,2043,Sate Ayam,2023-10-28 00:00:00,4,40314,5000,156256,Credit Card,Yogyakarta,Pending
1355,10056,2020,Ikan Bakar,2023-06-27 00:00:00,1,40682,1000,39682,E-Wallet,Medan,Returned
1356,10014,2047,Bakso,2023-06-03 00:00:00,8,55951,0,447608,COD,Yogyakarta,Canceled
1357,10081,2068,Mie Goreng,2023-03-28 00:00:00,5,41703,0,208515,E-Wallet,Bandung,Canceled
1358,10084,2011,Sate Ayam,2023-06-10 00:00:00,2,39300,5000,73600,Credit Card,Surabaya,Pending
1359,10085,2032,Sate Ayam,2023-06-01 00:00:00,2,16171,1000,31342,E-Wallet,Surabaya,Pending
1360,10085,2048,Sate Ayam,2023-04-08 00:00:00,6,22485,1000,133910,Bank Transfer,Yogyakarta,Canceled
1361,10004,2001,Sate Ayam,2023-04-22 00:00:00,9,13137,1000,117233,Credit Card,Semarang,Returned
1362,10050,2038,Sate Ayam,2023-03-17 00:00:00,8,34487,5000,270896,E-Wallet,Yogyakarta,Pending
1363,10063,2062,Sate Ayam,2023-02-01 00:00:00,7,28708,5000,195956,Credit Card,Bali,Returned
1364,10085,2014,Soto Betawi,2023-08-20 00:00:00,5,40798,5000,198990,QRIS,Jakarta,Pending
1365,10039,2057,Ikan Bakar,2023-01-26 00:00:00,1,39118,1000,38118,Bank Transfer,Semarang,Delivered
1366,10002,2071,Ikan Bakar,2023-04-07 00:00:00,4,28658,5000,109632,Bank Transfer,Bandung,Delivered
1367,10042,2018,Ayam Bakar,2023-11-03 00:00:00,8,16411,1000,130288,QRIS,Medan,Canceled
1368,10035,2084,Soto Betawi,2023-02-24 00:00:00,9,31038,1000,278342,Credit Card,Medan,Returned
1369,10069,2011,Nasi Goreng,2023-09-20 00:00:00,3,21116,3000,60348,E-Wallet,Yogyakarta,Pending
1370,10039,2032,Ikan Bakar,2023-05-09 00:00:00,7,33551,7000,227857,QRIS,Semarang,Pending
1371,10003,2093,Sate Ayam,2023-09-03 00:00:00,3,12591,0,37773,QRIS,Bandung,Delivered
1372,10015,2000,Bakso,2023-04-19 00:00:00,7,59821,7000,411747,Credit Card,Medan,Returned
1373,10094,2058,Bakso,2023-05-08 00:00:00,5,19752,3000,95760,Bank Transfer,Medan,Canceled
1374,10019,2033,Nasi Goreng,2023-05-13 00:00:00,3,25036,5000,70108,COD,Surabaya,Returned
1375,10049,2005,Mie Goreng,2023-03-01 00:00:00,9,40090,1000,359810,QRIS,Medan,Canceled
1376,10084,2087,Nasi Goreng,2023-05-11 00:00:00,5,30215,1000,150075,Bank Transfer,Jakarta,Pending
1377,10051,2033,Sate Ayam,2023-11-03 00:00:00,2,15433,3000,27866,Bank Transfer,Bali,Returned
1378,10021,2016,Ayam Bakar,2023-04-18 00:00:00,3,22576,5000,62728,COD,Semarang,Delivered
1379,10065,2098,Soto Betawi,2023-09-05 00:00:00,7,20693,0,144851,QRIS,Medan,Canceled
1380,10071,2086,Soto Betawi,2023-07-10 00:00:00,3,43209,0,129627,COD,Bandung,Canceled
1381,10052,2045,Ikan Bakar,2023-05-22 00:00:00,4,26843,0,107372,Bank Transfer,Bandung,Returned
1382,10076,2078,Nasi Goreng,2023-04-25 00:00:00,1,31125,3000,28125,E-Wallet,Bali,Pending
1383,10090,2097,Soto Betawi,2023-02-15 00:00:00,6,10141,5000,55846,COD,Semarang,Delivered
1384,10034,2018,Sate Ayam,2023-11-30 00:00:00,4,52864,0,211456,Credit Card,Jakarta,Pending
1385,10021,2047,Sate Ayam,2023-03-24 00:00:00,3,29330,1000,86990,E-Wallet,Surabaya,Returned
1386,10083,2044,Bakso,2023-07-25 00:00:00,9,21002,5000,184018,Bank Transfer,Medan,Pending
1387,10046,2013,Soto Betawi,2023-11-13 00:00:00,4,41655,0,166620,Bank Transfer,Semarang,Canceled
1388,10051,2088,Sate Ayam,2023-07-22 00:00:00,5,21240,3000,103200,Bank Transfer,Medan,Pending
1389,10067,2091,Soto Betawi,2023-01-02 00:00:00,9,50572,0,455148,COD,Jakarta,Canceled
1390,10047,2029,Ikan Bakar,2023-02-04 00:00:00,2,11492,7000,15984,COD,Semarang,Returned
1391,10066,2043,Sate Ayam,2023-07-20 00:00:00,9,56403,3000,504627,Bank Transfer,Yogyakarta,Returned
1392,10095,2064,Soto Betawi,2023-10-28 00:00:00,7,42174,5000,290218,QRIS,Jakarta,Pending
1393,10014,2018,Nasi Goreng,2023-11-04 00:00:00,6,24567,7000,140402,E-Wallet,Jakarta,Returned
1394,10028,2050,Ikan Bakar,2023-11-07 00:00:00,7,53355,5000,368485,QRIS,Jakarta,Returned
1395,10044,2066,Sate Ayam,2023-07-13 00:00:00,8,27569,3000,217552,Bank Transfer,Surabaya,Returned
1396,10086,2037,Sate Ayam,2023-08-02 00:00:00,9,38369,0,345321,COD,Medan,Delivered
1397,10089,2026,Soto Betawi,2023-12-28 00:00:00,1,55496,7000,48496,COD,Surabaya,Pending
1398,10039,2013,Mie Goreng,2023-08-25 00:00:00,4,40519,0,162076,COD,Jakarta,Delivered
1399,10048,2045,Sate Ayam,2023-07-09 00:00:00,8,47418,5000,374344,QRIS,Surabaya,Delivered
1400,10038,2084,Ayam Bakar,2023-07-11 00:00:00,6,37005,0,222030,Bank Transfer,Semarang,Canceled
1401,10048,2040,Sate Ayam,2023-12-10 00:00:00,5,45634,3000,225170,Bank Transfer,Bali,Canceled
1402,10063,2010,Sate Ayam,2023-05-27 00:00:00,1,54199,5000,49199,E-Wallet,Medan,Returned
1403,10071,2060,Ayam Bakar,2023-04-19 00:00:00,1,43755,1000,42755,COD,Semarang,Canceled
1404,10090,2045,Bakso,2023-06-07 00:00:00,7,13760,5000,91320,Credit Card,Yogyakarta,Delivered
1405,10067,2093,Sate Ayam,2023-05-07 00:00:00,4,26977,7000,100908,E-Wallet,Bali,Returned
1406,10039,2083,Sate Ayam,2023-08-13 00:00:00,3,29086,0,87258,Credit Card,Bali,Canceled
1407,10073,2065,Mie Goreng,2023-11-27 00:00:00,2,14658,0,29316,Bank Transfer,Bali,Returned
1408,10002,2083,Sate Ayam,2023-06-04 00:00:00,5,21777,7000,101885,E-Wallet,Semarang,Delivered
1409,10039,2001,Sate Ayam,2023-09-25 00:00:00,3,12282,0,36846,COD,Bali,Delivered
1410,10084,2061,Sate Ayam,2023-05-07 00:00:00,9,17446,0,157014,QRIS,Jakarta,Delivered
1411,10017,2035,Mie Goreng,2023-03-14 00:00:00,5,20213,1000,100065,QRIS,Medan,Delivered
1412,10031,2066,Mie Goreng,2023-06-05 00:00:00,9,13134,3000,115206,Credit Card,Bandung,Canceled
1413,10099,2032,Soto Betawi,2023-06-16 00:00:00,2,32967,5000,60934,COD,Bali,Returned
1414,10036,2055,Sate Ayam,2023-07-12 00:00:00,4,15906,7000,56624,Credit Card,Medan,Delivered
1415,10091,2034,Mie Goreng,2023-05-06 00:00:00,1,21120,7000,14120,Credit Card,Semarang,Returned
1416,10055,2075,Sate Ayam,2023-11-17 00:00:00,4,15744,7000,55976,Credit Card,Jakarta,Delivered
1417,10087,2058,Mie Goreng,2023-03-16 00:00:00,4,52138,3000,205552,E-Wallet,Yogyakarta,Pending
1418,10049,2005,Mie Goreng,2023-05-05 00:00:00,5,12169,7000,53845,COD,Yogyakarta,Returned
1419,10034,2086,Sate Ayam,2023-07-15 00:00:00,2,16139,0,32278,Bank Transfer,Jakarta,Canceled
1420,10058,2046,Sate Ayam,2023-04-19 00:00:00,6,55123,7000,323738,COD,Surabaya,Canceled
1421,10012,2033,Ayam Bakar,2023-12-08 00:00:00,5,15498,3000,74490,E-Wallet,Yogyakarta,Delivered
1422,10031,2050,Nasi Goreng,2023-12-07 00:00:00,5,18491,3000,89455,QRIS,Bandung,Canceled
1423,10091,2062,Soto Betawi,2023-05-05 00:00:00,3,47772,1000,142316,E-Wallet,Medan,Pending
1424,10016,2098,Ikan Bakar,2023-12-04 00:00:00,8,19429,0,155432,Credit Card,Bandung,Canceled
1425,10084,2007,Ikan Bakar,2023-01-05 00:00:00,1,45428,5000,40428,E-Wallet,Bali,Returned
1426,10090,2097,Mie Goreng,2023-11-06 00:00:00,6,38308,3000,226848,QRIS,Jakarta,Canceled
1427,10055,2019,Sate Ayam,2023-02-15 00:00:00,6,42272,3000,250632,E-Wallet,Yogyakarta,Returned
1428,10051,2095,Sate Ayam,2023-07-02 00:00:00,4,17269,3000,66076,Bank Transfer,Jakarta,Returned
1429,10022,2014,Mie Goreng,2023-07-22 00:00:00,9,49410,1000,443690,Bank Transfer,Bandung,Canceled
1430,10077,2090,Nasi Goreng,2023-04-02 00:00:00,3,32190,5000,91570,COD,Bandung,Returned
1431,10072,2071,Ikan Bakar,2023-12-03 00:00:00,1,25072,3000,22072,E-Wallet,Bandung,Canceled
1432,10012,2046,Sate Ayam,2023-07-08 00:00:00,7,43905,7000,300335,E-Wallet,Bandung,Delivered
1433,10009,2041,Soto Betawi,2023-05-06 00:00:00,5,27611,1000,137055,Bank Transfer,Semarang,Pending
1434,10055,2029,Sate Ayam,2023-08-10 00:00:00,3,22306,1000,65918,Credit Card,Surabaya,Returned
1435,10070,2029,Bakso,2023-03-08 00:00:00,1,13363,0,13363,COD,Surabaya,Pending
1436,10036,2012,Soto Betawi,2023-05-16 00:00:00,5,17295,0,86475,Bank Transfer,Medan,Pending
1437,10065,2062,Soto Betawi,2023-01-23 00:00:00,9,31281,5000,276529,E-Wallet,Bandung,Returned
1438,10002,2013,Ikan Bakar,2023-06-22 00:00:00,2,12092,7000,17184,E-Wallet,Bandung,Delivered
1439,10015,2065,Soto Betawi,2023-05-25 00:00:00,7,22449,1000,156143,QRIS,Semarang,Delivered
1440,10059,2065,Nasi Goreng,2023-01-13 00:00:00,8,20350,5000,157800,Credit Card,Bali,Pending
1441,10007,2086,Sate Ayam,2023-04-30 00:00:00,7,46469,7000,318283,COD,Bali,Canceled
1442,10016,2029,Ayam Bakar,2023-09-26 00:00:00,5,56132,3000,277660,Bank Transfer,Surabaya,Delivered
1443,10030,2080,Bakso,2023-01-23 00:00:00,4,11589,5000,41356,QRIS,Semarang,Delivered
1444,10013,2049,Ikan Bakar,2023-02-22 00:00:00,8,41566,5000,327528,COD,Bandung,Pending
1445,10007,2081,Ikan Bakar,2023-04-29 00:00:00,2,47713,1000,94426,E-Wallet,Surabaya,Returned
1446,10048,2078,Sate Ayam,2023-08-29 00:00:00,2,13167,0,26334,Credit Card,Semarang,Canceled
1447,10005,2068,Ikan Bakar,2023-11-16 00:00:00,9,29008,3000,258072,E-Wallet,Surabaya,Pending
1448,10033,2043,Ikan Bakar,2023-04-10 00:00:00,2,58014,3000,113028,COD,Bandung,Canceled
1449,10069,2055,Ikan Bakar,2023-06-28 00:00:00,5,53408,1000,266040,Credit Card,Jakarta,Canceled
1450,10059,2090,Sate Ayam,2023-04-30 00:00:00,7,16318,7000,107226,COD,Bandung,Canceled
1451,10032,2023,Ikan Bakar,2023-01-11 00:00:00,1,38099,0,38099,Bank Transfer,Jakarta,Returned
1452,10082,2082,Ikan Bakar,2023-10-20 00:00:00,1,27508,5000,22508,Bank Transfer,Bandung,Pending
1453,10017,2077,Mie Goreng,2023-08-24 00:00:00,9,19083,0,171747,COD,Yogyakarta,Canceled
1454,10012,2099,Bakso,2023-01-16 00:00:00,9,30808,3000,274272,Bank Transfer,Medan,Canceled
1455,10086,2044,Ayam Bakar,2023-06-11 00:00:00,9,28135,5000,248215,Credit Card,Bandung,Returned
1456,10069,2043,Ayam Bakar,2023-01-28 00:00:00,8,18547,7000,141376,QRIS,Bandung,Pending
1457,10012,2056,Sate Ayam,2023-04-28 00:00:00,6,44441,7000,259646,QRIS,Bali,Canceled
1458,10073,2045,Ayam Bakar,2023-06-14 00:00:00,6,28199,1000,168194,Bank Transfer,Medan,Delivered
1459,10009,2034,Sate Ayam,2023-04-21 00:00:00,6,44832,5000,263992,QRIS,Semarang,Canceled
1460,10042,2024,Ikan Bakar,2023-07-07 00:00:00,6,54864,5000,324184,QRIS,Semarang,Pending
1461,10080,2091,Nasi Goreng,2023-10-10 00:00:00,6,54724,1000,327344,E-Wallet,Bali,Delivered
1462,10033,2036,Sate Ayam,2023-08-12 00:00:00,5,39336,0,196680,Credit Card,Bali,Returned
1463,10056,2011,Soto Betawi,2023-07-27 00:00:00,5,30963,7000,147815,QRIS,Bali,Pending
1464,10072,2031,Mie Goreng,2023-09-21 00:00:00,1,37606,0,37606,COD,Jakarta,Pending
1465,10003,2066,Ayam Bakar,2023-06-06 00:00:00,2,31729,5000,58458,COD,Bali,Returned
1466,10086,2043,Nasi Goreng,2023-01-04 00:00:00,8,34968,7000,272744,QRIS,Yogyakarta,Pending
1467,10014,2031,Ikan Bakar,2023-10-05 00:00:00,9,52512,3000,469608,Credit Card,Medan,Pending
1468,10056,2025,Sate Ayam,2023-10-28 00:00:00,3,32794,7000,91382,COD,Semarang,Returned
1469,10067,2094,Ikan Bakar,2023-11-17 00:00:00,1,42430,5000,37430,QRIS,Surabaya,Pending
1470,10030,2045,Nasi Goreng,2023-10-09 00:00:00,1,26241,7000,19241,QRIS,Medan,Canceled
1471,10074,2053,Sate Ayam,2023-08-14 00:00:00,5,37076,1000,184380,Credit Card,Jakarta,Canceled
1472,10094,2093,Mie Goreng,2023-01-06 00:00:00,8,21691,7000,166528,E-Wallet,Medan,Canceled
1473,10080,2074,Ayam Bakar,2023-02-19 00:00:00,6,38328,5000,224968,E-Wallet,Medan,Returned
1474,10055,2063,Mie Goreng,2023-03-31 00:00:00,9,15451,3000,136059,COD,Surabaya,Delivered
1475,10018,2086,Bakso,2023-12-24 00:00:00,6,40873,5000,240238,QRIS,Bandung,Canceled
1476,10058,2097,Sate Ayam,2023-04-17 00:00:00,5,12895,1000,63475,Credit Card,Bali,Returned
1477,10012,2007,Sate Ayam,2023-12-18 00:00:00,4,55550,0,222200,E-Wallet,Bali,Canceled
1478,10058,2083,Soto Betawi,2023-08-30 00:00:00,6,51045,5000,301270,Bank Transfer,Jakarta,Delivered
1479,10035,2091,Soto Betawi,2023-06-05 00:00:00,5,28601,5000,138005,Credit Card,Bali,Returned
1480,10047,2090,Sate Ayam,2023-04-11 00:00:00,9,47212,3000,421908,QRIS,Jakarta,Canceled
1481,10009,2099,Sate Ayam,2023-09-05 00:00:00,7,35242,1000,245694,E-Wallet,Surabaya,Returned
1482,10088,2092,Bakso,2023-08-29 00:00:00,3,19171,5000,52513,COD,Jakarta,Pending
1483,10098,2090,Nasi Goreng,2023-07-25 00:00:00,1,55740,5000,50740,COD,Medan,Canceled
1484,10090,2081,Ikan Bakar,2023-04-24 00:00:00,1,25417,1000,24417,COD,Medan,Returned
1485,10086,2009,Mie Goreng,2023-07-22 00:00:00,9,30584,7000,268256,Credit Card,Surabaya,Canceled
1486,10021,2097,Soto Betawi,2023-08-25 00:00:00,9,29164,5000,257476,COD,Semarang,Pending
1487,10055,2050,Ayam Bakar,2023-04-09 00:00:00,3,53410,7000,153230,QRIS,Bali,Pending
1488,10070,2025,Soto Betawi,2023-05-13 00:00:00,5,14557,5000,67785,Credit Card,Medan,Pending
1489,10092,2007,Sate Ayam,2023-05-27 00:00:00,7,23869,5000,162083,Bank Transfer,Bandung,Returned
1490,10014,2098,Ayam Bakar,2023-07-14 00:00:00,8,54314,7000,427512,QRIS,Yogyakarta,Canceled
1491,10023,2023,Nasi Goreng,2023-01-04 00:00:00,3,26673,0,80019,Bank Transfer,Bali,Canceled
1492,10022,2068,Bakso,2023-09-11 00:00:00,5,47544,0,237720,COD,Surabaya,Returned
1493,10053,2069,Ayam Bakar,2023-11-09 00:00:00,8,32918,7000,256344,COD,Medan,Pending
1494,10050,2085,Bakso,2023-11-28 00:00:00,6,30466,5000,177796,Bank Transfer,Jakarta,Canceled
1495,10086,2057,Nasi Goreng,2023-01-30 00:00:00,5,33064,3000,162320,E-Wallet,Jakarta,Canceled
1496,10046,2099,Bakso,2023-01-16 00:00:00,8,15141,7000,114128,COD,Semarang,Canceled
1497,10015,2058,Bakso,2023-10-14 00:00:00,2,41486,0,82972,Bank Transfer,Bandung,Returned
1498,10009,2085,Sate Ayam,2023-09-30 00:00:00,4,32063,5000,123252,Bank Transfer,Bandung,Canceled
1499,10064,2062,Sate Ayam,2023-02-20 00:00:00,4,43872,0,175488,Credit Card,Semarang,Pending
1500,10095,2038,Mie Goreng,2023-07-17 00:00:00,1,35582,1000,34582,COD,Jakarta,Canceled
1501,10080,2033,Mie Goreng,2023-06-18 00:00:00,9,31644,5000,279796,QRIS,Jakarta,Pending
1502,10080,2062,Sate Ayam,2023-03-17 00:00:00,7,47055,0,329385,Bank Transfer,Bandung,Delivered
1503,10014,2099,Soto Betawi,2023-12-18 00:00:00,4,16033,0,64132,E-Wallet,Bandung,Returned
1504,10034,2077,Nasi Goreng,2023-10-16 00:00:00,2,47564,5000,90128,E-Wallet,Jakarta,Pending
1505,10005,2096,Sate Ayam,2023-06-17 00:00:00,3,28624,7000,78872,E-Wallet,Semarang,Delivered
1506,10012,2063,Sate Ayam,2023-05-27 00:00:00,9,13731,5000,118579,QRIS,Bali,Delivered
1507,10021,2056,Ayam Bakar,2023-11-24 00:00:00,7,59079,3000,410553,Credit Card,Semarang,Pending
1508,10082,2050,Nasi Goreng,2023-11-24 00:00:00,1,10112,5000,5112,COD,Bandung,Canceled
1509,10026,2011,Sate Ayam,2023-04-07 00:00:00,5,20808,5000,99040,COD,Jakarta,Returned
1510,10058,2032,Sate Ayam,2023-02-19 00:00:00,9,26402,7000,230618,E-Wallet,Yogyakarta,Delivered
1511,10046,2038,Ikan Bakar,2023-10-16 00:00:00,4,13765,3000,52060,COD,Semarang,Returned
1512,10028,2023,Nasi Goreng,2023-11-15 00:00:00,9,39240,1000,352160,COD,Yogyakarta,Canceled
1513,10065,2005,Nasi Goreng,2023-11-21 00:00:00,9,11988,1000,106892,Credit Card,Medan,Canceled
1514,10048,2090,Sate Ayam,2023-07-23 00:00:00,7,49930,3000,346510,Credit Card,Yogyakarta,Canceled
1515,10034,2079,Nasi Goreng,2023-05-04 00:00:00,8,20825,1000,165600,E-Wallet,Bali,Pending
1516,10090,2028,Bakso,2023-08-18 00:00:00,4,26346,0,105384,QRIS,Medan,Pending
1517,10083,2098,Bakso,2023-11-18 00:00:00,5,29233,3000,143165,E-Wallet,Yogyakarta,Canceled
1518,10096,2095,Soto Betawi,2023-11-22 00:00:00,9,46963,3000,419667,QRIS,Yogyakarta,Canceled
1519,10067,2064,Mie Goreng,2023-06-03 00:00:00,9,25438,3000,225942,E-Wallet,Semarang,Canceled
1520,10021,2099,Nasi Goreng,2023-01-25 00:00:00,1,47164,5000,42164,Bank Transfer,Surabaya,Returned
1521,10082,2000,Nasi Goreng,2023-03-14 00:00:00,6,18367,0,110202,Credit Card,Yogyakarta,Pending
1522,10053,2049,Mie Goreng,2023-09-01 00:00:00,5,39038,5000,190190,COD,Bandung,Canceled
1523,10026,2025,Mie Goreng,2023-09-05 00:00:00,1,14138,0,14138,Bank Transfer,Yogyakarta,Delivered
1524,10083,2039,Bakso,2023-09-02 00:00:00,7,11134,5000,72938,Bank Transfer,Surabaya,Delivered
1525,10068,2042,Soto Betawi,2023-10-17 00:00:00,8,20442,7000,156536,Credit Card,Bandung,Delivered
1526,10057,2032,Mie Goreng,2023-01-16 00:00:00,2,44397,1000,87794,Credit Card,Jakarta,Pending
1527,10018,2035,Mie Goreng,2023-11-15 00:00:00,8,54717,3000,434736,Credit Card,Jakarta,Canceled
1528,10090,2007,Mie Goreng,2023-07-28 00:00:00,9,53516,3000,478644,Bank Transfer,Bali,Canceled
1529,10059,2027,Sate Ayam,2023-07-01 00:00:00,5,31128,1000,154640,E-Wallet,Jakarta,Delivered
1530,10060,2057,Mie Goreng,2023-05-03 00:00:00,6,28425,5000,165550,Credit Card,Medan,Pending
1531,10036,2078,Ikan Bakar,2023-01-18 00:00:00,2,26446,3000,49892,Credit Card,Surabaya,Canceled
1532,10003,2085,Soto Betawi,2023-05-15 00:00:00,6,36711,5000,215266,QRIS,Bali,Canceled
1533,10054,2002,Sate Ayam,2023-08-30 00:00:00,9,11637,7000,97733,COD,Jakarta,Canceled
1534,10073,2091,Ayam Bakar,2023-08-30 00:00:00,7,45436,5000,313052,E-Wallet,Bandung,Returned
1535,10068,2000,Ikan Bakar,2023-05-20 00:00:00,8,31225,0,249800,COD,Jakarta,Pending
1536,10051,2087,Sate Ayam,2023-08-25 00:00:00,7,56893,7000,391251,QRIS,Jakarta,Delivered
1537,10048,2057,Bakso,2023-12-02 00:00:00,1,33408,7000,26408,COD,Surabaya,Delivered
1538,10034,2038,Sate Ayam,2023-04-28 00:00:00,5,42854,0,214270,QRIS,Bali,Returned
1539,10066,2029,Sate Ayam,2023-08-02 00:00:00,9,56364,7000,500276,COD,Semarang,Delivered
1540,10022,2044,Sate Ayam,2023-09-04 00:00:00,8,59748,1000,476984,COD,Jakarta,Returned
1541,10017,2093,Sate Ayam,2023-09-03 00:00:00,1,51680,3000,48680,Credit Card,Bandung,Delivered
1542,10009,2035,Nasi Goreng,2023-07-20 00:00:00,7,45062,3000,312434,QRIS,Semarang,Returned
1543,10008,2046,Sate Ayam,2023-01-19 00:00:00,3,24665,1000,72995,Bank Transfer,Jakarta,Delivered
1544,10097,2012,Sate Ayam,2023-04-03 00:00:00,1,38916,7000,31916,COD,Bali,Returned
1545,10087,2025,Sate Ayam,2023-03-12 00:00:00,5,25810,1000,128050,Bank Transfer,Bali,Canceled
1546,10064,2061,Sate Ayam,2023-06-20 00:00:00,9,42130,7000,372170,COD,Bandung,Returned
1547,10025,2015,Sate Ayam,2023-11-06 00:00:00,9,43272,0,389448,E-Wallet,Medan,Pending
1548,10070,2077,Ayam Bakar,2023-12-05 00:00:00,3,47825,0,143475,COD,Bali,Pending
1549,10010,2052,Sate Ayam,2023-01-30 00:00:00,9,52215,1000,468935,E-Wallet,Semarang,Returned
1550,10065,2095,Soto Betawi,2023-01-22 00:00:00,6,12763,0,76578,QRIS,Bali,Returned
1551,10056,2048,Ayam Bakar,2023-03-23 00:00:00,2,16476,7000,25952,QRIS,Semarang,Canceled
1552,10092,2066,Mie Goreng,2023-01-03 00:00:00,6,18397,3000,107382,QRIS,Bandung,Returned
1553,10074,2094,Mie Goreng,2023-04-06 00:00:00,2,19277,0,38554,Bank Transfer,Medan,Pending
1554,10097,2060,Soto Betawi,2023-07-26 00:00:00,9,36531,0,328779,Credit Card,Yogyakarta,Canceled
1555,10044,2061,Bakso,2023-11-10 00:00:00,4,30176,3000,117704,COD,Bandung,Returned
1556,10043,2028,Mie Goreng,2023-03-12 00:00:00,9,45710,5000,406390,COD,Yogyakarta,Canceled
1557,10015,2086,Bakso,2023-10-04 00:00:00,4,10489,7000,34956,COD,Jakarta,Delivered
1558,10041,2075,Nasi Goreng,2023-09-26 00:00:00,6,26999,3000,158994,Bank Transfer,Semarang,Canceled
1559,10058,2001,Sate Ayam,2023-08-10 00:00:00,1,28945,1000,27945,QRIS,Bandung,Delivered
1560,10022,2017,Sate Ayam,2023-08-12 00:00:00,1,26767,0,26767,E-Wallet,Jakarta,Pending
1561,10093,2060,Sate Ayam,2023-06-22 00:00:00,5,58908,3000,291540,QRIS,Bali,Delivered
1562,10073,2052,Bakso,2023-07-26 00:00:00,4,34031,5000,131124,Credit Card,Jakarta,Returned
1563,10075,2032,Ikan Bakar,2023-09-14 00:00:00,5,49486,7000,240430,COD,Semarang,Pending
1564,10078,2004,Ikan Bakar,2023-04-30 00:00:00,2,30143,0,60286,E-Wallet,Semarang,Returned
1565,10028,2070,Soto Betawi,2023-03-18 00:00:00,6,42001,3000,249006,Bank Transfer,Jakarta,Canceled
1566,10037,2047,Mie Goreng,2023-10-03 00:00:00,3,47228,3000,138684,E-Wallet,Bali,Pending
1567,10015,2012,Sate Ayam,2023-10-18 00:00:00,4,20698,3000,79792,COD,Bandung,Delivered
1568,10074,2029,Bakso,2023-10-31 00:00:00,5,45618,1000,227090,Bank Transfer,Semarang,Returned
1569,10031,2054,Bakso,2023-09-13 00:00:00,3,56287,7000,161861,COD,Jakarta,Delivered
1570,10082,2024,Ikan Bakar,2023-03-02 00:00:00,3,20922,1000,61766,Credit Card,Jakarta,Pending
1571,10024,2019,Soto Betawi,2023-07-30 00:00:00,7,32423,3000,223961,Credit Card,Bali,Returned
1572,10068,2062,Mie Goreng,2023-02-20 00:00:00,5,45595,1000,226975,QRIS,Jakarta,Canceled
1573,10041,2083,Sate Ayam,2023-01-14 00:00:00,2,29610,1000,58220,E-Wallet,Jakarta,Returned
1574,10004,2086,Sate Ayam,2023-02-28 00:00:00,9,23288,1000,208592,E-Wallet,Surabaya,Returned
1575,10070,2003,Sate Ayam,2023-05-23 00:00:00,8,19941,1000,158528,Bank Transfer,Jakarta,Delivered
1576,10013,2049,Ikan Bakar,2023-04-22 00:00:00,1,18566,3000,15566,E-Wallet,Bali,Returned
1577,10039,2019,Sate Ayam,2023-06-15 00:00:00,3,50091,1000,149273,COD,Jakarta,Delivered
1578,10036,2048,Sate Ayam,2023-11-18 00:00:00,4,33989,1000,134956,E-Wallet,Semarang,Returned
1579,10039,2042,Sate Ayam,2023-05-28 00:00:00,8,55351,1000,441808,Bank Transfer,Semarang,Returned
1580,10054,2015,Sate Ayam,2023-11-14 00:00:00,7,27359,7000,184513,E-Wallet,Bali,Returned
1581,10047,2026,Ayam Bakar,2023-08-03 00:00:00,8,13327,0,106616,E-Wallet,Bandung,Returned
1582,10036,2080,Bakso,2023-08-11 00:00:00,7,25160,7000,169120,QRIS,Medan,Pending
1583,10052,2011,Sate Ayam,2023-09-30 00:00:00,3,44314,1000,131942,Credit Card,Bali,Returned
1584,10057,2033,Mie Goreng,2023-10-03 00:00:00,2,42101,1000,83202,QRIS,Bali,Canceled
1585,10083,2002,Ayam Bakar,2023-05-06 00:00:00,9,24119,5000,212071,E-Wallet,Jakarta,Returned
1586,10007,2092,Sate Ayam,2023-02-25 00:00:00,7,54571,0,381997,QRIS,Jakarta,Canceled
1587,10095,2035,Ayam Bakar,2023-10-09 00:00:00,6,54254,1000,324524,Credit Card,Bali,Pending
1588,10010,2091,Sate Ayam,2023-04-06 00:00:00,5,57295,1000,285475,E-Wallet,Medan,Returned
1589,10059,2061,Bakso,2023-05-25 00:00:00,1,29702,1000,28702,Bank Transfer,Bali,Delivered
1590,10052,2055,Nasi Goreng,2023-09-22 00:00:00,6,15208,1000,90248,E-Wallet,Medan,Returned
1591,10016,2014,Nasi Goreng,2023-09-28 00:00:00,7,31158,7000,211106,Bank Transfer,Semarang,Canceled
1592,10039,2019,Nasi Goreng,2023-08-07 00:00:00,5,59996,0,299980,QRIS,Medan,Delivered
1593,10082,2059,Bakso,2023-09-06 00:00:00,3,30527,1000,90581,QRIS,Bandung,Canceled
1594,10095,2061,Soto Betawi,2023-12-31 00:00:00,1,12032,7000,5032,E-Wallet,Jakarta,Canceled
1595,10059,2089,Sate Ayam,2023-04-05 00:00:00,6,32523,0,195138,COD,Semarang,Pending
1596,10062,2037,Soto Betawi,2023-08-08 00:00:00,5,19949,3000,96745,QRIS,Bandung,Canceled
1597,10097,2079,Sate Ayam,2023-04-06 00:00:00,6,16855,0,101130,E-Wallet,Yogyakarta,Pending
1598,10058,2075,Sate Ayam,2023-11-11 00:00:00,5,59459,0,297295,Bank Transfer,Bali,Delivered
1599,10084,2083,Bakso,2023-01-13 00:00:00,2,18112,5000,31224,QRIS,Jakarta,Canceled
1600,10053,2035,Sate Ayam,2023-09-30 00:00:00,8,13129,1000,104032,E-Wallet,Jakarta,Pending
1601,10045,2071,Soto Betawi,2023-11-11 00:00:00,7,58356,0,408492,QRIS,Surabaya,Canceled
1602,10015,2001,Sate Ayam,2023-07-29 00:00:00,1,10870,7000,3870,Credit Card,Jakarta,Delivered
1603,10093,2081,Ayam Bakar,2023-06-20 00:00:00,5,57764,0,288820,E-Wallet,Medan,Pending
1604,10072,2051,Nasi Goreng,2023-12-30 00:00:00,5,57574,5000,282870,Bank Transfer,Surabaya,Returned
1605,10008,2053,Bakso,2023-01-01 00:00:00,3,56922,1000,169766,Bank Transfer,Semarang,Pending
1606,10011,2096,Ayam Bakar,2023-03-13 00:00:00,1,40826,1000,39826,E-Wallet,Bandung,Pending
1607,10042,2094,Sate Ayam,2023-08-09 00:00:00,5,13924,1000,68620,COD,Jakarta,Returned
1608,10053,2071,Sate Ayam,2023-08-15 00:00:00,3,36762,0,110286,COD,Bandung,Delivered
1609,10062,2082,Bakso,2023-06-05 00:00:00,1,19221,3000,16221,QRIS,Yogyakarta,Delivered
1610,10036,2067,Sate Ayam,2023-08-06 00:00:00,1,21939,1000,20939,COD,Medan,Delivered
1611,10031,2080,Sate Ayam,2023-08-16 00:00:00,7,37323,3000,258261,Credit Card,Medan,Pending
1612,10055,2027,Sate Ayam,2023-07-29 00:00:00,8,20848,5000,161784,Credit Card,Medan,Delivered
1613,10026,2008,Bakso,2023-07-03 00:00:00,8,52358,7000,411864,Bank Transfer,Bali,Delivered
1614,10066,2023,Sate Ayam,2023-04-28 00:00:00,9,19497,5000,170473,Credit Card,Bandung,Pending
1615,10023,2004,Mie Goreng,2023-10-10 00:00:00,1,59422,3000,56422,QRIS,Surabaya,Canceled
1616,10043,2025,Bakso,2023-06-11 00:00:00,7,28782,1000,200474,QRIS,Medan,Pending
1617,10003,2086,Soto Betawi,2023-07-02 00:00:00,1,52229,0,52229,Credit Card,Jakarta,Pending
1618,10020,2088,Ikan Bakar,2023-04-26 00:00:00,6,23780,7000,135680,Bank Transfer,Medan,Delivered
1619,10014,2051,Bakso,2023-10-29 00:00:00,9,41508,0,373572,Credit Card,Jakarta,Delivered
1620,10046,2086,Ikan Bakar,2023-04-01 00:00:00,2,22948,5000,40896,E-Wallet,Jakarta,Returned
1621,10022,2063,Mie Goreng,2023-02-09 00:00:00,2,20377,0,40754,QRIS,Surabaya,Returned
1622,10074,2060,Soto Betawi,2023-01-05 00:00:00,5,43078,7000,208390,E-Wallet,Jakarta,Delivered
1623,10092,2068,Sate Ayam,2023-02-28 00:00:00,2,34000,5000,63000,E-Wallet,Jakarta,Pending
1624,10091,2075,Bakso,2023-03-31 00:00:00,8,16078,7000,121624,COD,Jakarta,Returned
1625,10093,2072,Bakso,2023-08-11 00:00:00,5,28103,1000,139515,QRIS,Surabaya,Returned
1626,10000,2054,Sate Ayam,2023-02-09 00:00:00,5,20350,0,101750,Bank Transfer,Surabaya,Pending
1627,10053,2041,Ayam Bakar,2023-12-01 00:00:00,1,46885,3000,43885,COD,Semarang,Returned
1628,10061,2046,Sate Ayam,2023-01-17 00:00:00,6,18848,0,113088,COD,Jakarta,Pending
1629,10013,2071,Ayam Bakar,2023-05-23 00:00:00,6,59420,0,356520,COD,Semarang,Pending
1630,10059,2005,Ayam Bakar,2023-02-27 00:00:00,1,10406,0,10406,Credit Card,Yogyakarta,Pending
1631,10004,2089,Ikan Bakar,2023-07-17 00:00:00,2,32673,5000,60346,Bank Transfer,Surabaya,Delivered
1632,10077,2012,Bakso,2023-02-13 00:00:00,7,17566,3000,119962,E-Wallet,Bali,Returned
1633,10034,2080,Mie Goreng,2023-04-10 00:00:00,3,50863,1000,151589,QRIS,Semarang,Returned
1634,10060,2016,Bakso,2023-12-29 00:00:00,2,47952,3000,92904,QRIS,Jakarta,Delivered
1635,10057,2013,Ayam Bakar,2023-08-27 00:00:00,4,43575,3000,171300,QRIS,Semarang,Delivered
1636,10003,2044,Nasi Goreng,2023-10-11 00:00:00,2,23598,3000,44196,E-Wallet,Bali,Canceled
1637,10044,2065,Soto Betawi,2023-03-12 00:00:00,8,45186,1000,360488,COD,Surabaya,Returned
1638,10098,2029,Nasi Goreng,2023-08-18 00:00:00,2,41601,7000,76202,COD,Jakarta,Pending
1639,10059,2097,Mie Goreng,2023-06-22 00:00:00,7,20589,1000,143123,COD,Jakarta,Returned
1640,10003,2092,Bakso,2023-01-06 00:00:00,2,38430,1000,75860,Bank Transfer,Jakarta,Delivered
1641,10083,2005,Soto Betawi,2023-11-19 00:00:00,1,50031,5000,45031,QRIS,Surabaya,Canceled
1642,10082,2004,Soto Betawi,2023-08-02 00:00:00,8,53461,3000,424688,Bank Transfer,Medan,Delivered
1643,10010,2076,Mie Goreng,2023-01-03 00:00:00,9,12123,0,109107,Credit Card,Surabaya,Pending
1644,10072,2022,Nasi Goreng,2023-03-24 00:00:00,5,58174,5000,285870,Bank Transfer,Medan,Delivered
1645,10024,2073,Sate Ayam,2023-11-10 00:00:00,7,16782,0,117474,Bank Transfer,Jakarta,Pending
1646,10047,2097,Nasi Goreng,2023-04-09 00:00:00,5,16548,7000,75740,Bank Transfer,Semarang,Delivered
1647,10063,2001,Ikan Bakar,2023-05-01 00:00:00,2,48965,3000,94930,E-Wallet,Semarang,Canceled
1648,10017,2098,Ayam Bakar,2023-07-06 00:00:00,6,23675,3000,139050,Credit Card,Medan,Returned
1649,10076,2003,Bakso,2023-09-03 00:00:00,2,58601,3000,114202,E-Wallet,Bandung,Pending
1650,10071,2006,Bakso,2023-03-04 00:00:00,8,55947,5000,442576,COD,Jakarta,Pending
1651,10016,2062,Ayam Bakar,2023-10-19 00:00:00,5,35095,7000,168475,Credit Card,Semarang,Returned
1652,10027,2092,Bakso,2023-03-17 00:00:00,5,38310,1000,190550,COD,Medan,Returned
1653,10036,2028,Mie Goreng,2023-08-16 00:00:00,4,34338,7000,130352,Credit Card,Jakarta,Returned
1654,10036,2026,Bakso,2023-10-12 00:00:00,4,24616,5000,93464,Credit Card,Jakarta,Returned
1655,10015,2017,Ayam Bakar,2023-12-22 00:00:00,3,30950,1000,91850,COD,Bandung,Delivered
1656,10092,2099,Sate Ayam,2023-06-29 00:00:00,4,40062,5000,155248,Bank Transfer,Bali,Pending
1657,10018,2037,Sate Ayam,2023-04-26 00:00:00,9,51107,0,459963,QRIS,Yogyakarta,Delivered
1658,10004,2019,Bakso,2023-05-06 00:00:00,5,43045,1000,214225,QRIS,Jakarta,Returned
1659,10033,2076,Nasi Goreng,2023-05-17 00:00:00,7,14675,3000,99725,Credit Card,Jakarta,Pending
1660,10034,2056,Ayam Bakar,2023-07-08 00:00:00,3,36206,7000,101618,Credit Card,Bandung,Returned
1661,10009,2001,Nasi Goreng,2023-11-12 00:00:00,8,42528,7000,333224,E-Wallet,Semarang,Canceled
1662,10010,2084,Ikan Bakar,2023-11-23 00:00:00,2,45422,0,90844,Bank Transfer,Bandung,Returned
1663,10095,2064,Bakso,2023-06-30 00:00:00,7,31889,1000,222223,QRIS,Medan,Pending
1664,10025,2074,Soto Betawi,2023-11-02 00:00:00,3,26395,3000,76185,Credit Card,Bandung,Canceled
1665,10053,2065,Sate Ayam,2023-05-24 00:00:00,2,58443,5000,111886,QRIS,Surabaya,Returned
1666,10009,2059,Nasi Goreng,2023-10-23 00:00:00,1,51804,0,51804,Credit Card,Bali,Canceled
1667,10079,2021,Sate Ayam,2023-08-30 00:00:00,9,39007,1000,350063,Credit Card,Surabaya,Delivered
1668,10011,2039,Sate Ayam,2023-03-17 00:00:00,9,35097,0,315873,Credit Card,Semarang,Returned
1669,10038,2059,Nasi Goreng,2023-11-17 00:00:00,3,25995,5000,72985,E-Wallet,Yogyakarta,Pending
1670,10056,2077,Nasi Goreng,2023-10-12 00:00:00,5,41899,5000,204495,COD,Bali,Returned
1671,10020,2009,Sate Ayam,2023-11-30 00:00:00,5,34209,1000,170045,Credit Card,Medan,Delivered
1672,10069,2035,Ayam Bakar,2023-01-22 00:00:00,4,12776,0,51104,COD,Medan,Returned
1673,10017,2037,Mie Goreng,2023-05-31 00:00:00,5,20900,3000,101500,QRIS,Semarang,Canceled
1674,10086,2013,Ayam Bakar,2023-07-18 00:00:00,1,35256,5000,30256,Credit Card,Jakarta,Canceled
1675,10026,2086,Soto Betawi,2023-09-13 00:00:00,1,44036,3000,41036,Bank Transfer,Medan,Pending
1676,10053,2061,Bakso,2023-10-15 00:00:00,8,54940,3000,436520,QRIS,Bandung,Canceled
1677,10072,2028,Sate Ayam,2023-04-05 00:00:00,6,44753,7000,261518,COD,Medan,Pending
1678,10088,2071,Bakso,2023-05-09 00:00:00,4,56934,3000,224736,E-Wallet,Jakarta,Delivered
1679,10089,2015,Mie Goreng,2023-01-20 00:00:00,3,28624,1000,84872,COD,Bali,Canceled
1680,10080,2065,Ayam Bakar,2023-12-06 00:00:00,6,14103,7000,77618,E-Wallet,Surabaya,Pending
1681,10059,2034,Ayam Bakar,2023-12-30 00:00:00,4,28028,5000,107112,Bank Transfer,Bali,Returned
1682,10018,2090,Ayam Bakar,2023-06-20 00:00:00,9,56165,5000,500485,QRIS,Bali,Canceled
1683,10085,2042,Mie Goreng,2023-07-19 00:00:00,3,35625,3000,103875,COD,Medan,Canceled
1684,10019,2055,Mie Goreng,2023-08-28 00:00:00,7,49346,5000,340422,E-Wallet,Yogyakarta,Delivered
1685,10026,2010,Sate Ayam,2023-04-08 00:00:00,3,52431,5000,152293,Bank Transfer,Yogyakarta,Returned
1686,10064,2098,Soto Betawi,2023-11-24 00:00:00,4,28350,3000,110400,COD,Medan,Canceled
1687,10011,2025,Sate Ayam,2023-05-20 00:00:00,3,44420,7000,126260,COD,Semarang,Returned
1688,10012,2088,Ayam Bakar,2023-04-28 00:00:00,6,42696,5000,251176,QRIS,Bandung,Returned
1689,10048,2006,Sate Ayam,2023-05-02 00:00:00,6,57080,7000,335480,Credit Card,Medan,Pending
1690,10056,2025,Sate Ayam,2023-02-23 00:00:00,3,17008,5000,46024,E-Wallet,Jakarta,Returned
1691,10016,2066,Soto Betawi,2023-08-26 00:00:00,4,45932,7000,176728,Bank Transfer,Bandung,Delivered
1692,10046,2052,Soto Betawi,2023-09-03 00:00:00,4,35081,0,140324,Credit Card,Bali,Delivered
1693,10080,2081,Sate Ayam,2023-06-18 00:00:00,9,10390,7000,86510,Credit Card,Jakarta,Pending
1694,10051,2032,Sate Ayam,2023-08-24 00:00:00,5,43979,1000,218895,QRIS,Surabaya,Returned
1695,10042,2089,Ikan Bakar,2023-01-01 00:00:00,7,55512,7000,381584,E-Wallet,Semarang,Canceled
1696,10023,2082,Ikan Bakar,2023-09-01 00:00:00,9,58785,5000,524065,QRIS,Jakarta,Returned
1697,10098,2046,Mie Goreng,2023-07-06 00:00:00,4,30900,0,123600,Credit Card,Semarang,Pending
1698,10003,2029,Sate Ayam,2023-10-05 00:00:00,2,16411,5000,27822,Credit Card,Yogyakarta,Canceled
1699,10070,2000,Bakso,2023-12-12 00:00:00,7,15209,7000,99463,QRIS,Semarang,Returned
1700,10085,2018,Ayam Bakar,2023-04-05 00:00:00,5,56621,0,283105,Credit Card,Surabaya,Delivered
1701,10011,2093,Mie Goreng,2023-09-03 00:00:00,5,52742,7000,256710,Bank Transfer,Bandung,Delivered
1702,10014,2001,Ikan Bakar,2023-06-21 00:00:00,6,34849,3000,206094,E-Wallet,Yogyakarta,Returned
1703,10037,2036,Nasi Goreng,2023-12-30 00:00:00,4,51850,1000,206400,QRIS,Surabaya,Delivered
1704,10092,2087,Sate Ayam,2023-06-21 00:00:00,6,36025,0,216150,Bank Transfer,Jakarta,Pending
1705,10015,2094,Sate Ayam,2023-06-16 00:00:00,3,52614,0,157842,Bank Transfer,Yogyakarta,Canceled
1706,10021,2031,Ayam Bakar,2023-08-03 00:00:00,5,32057,7000,153285,E-Wallet,Yogyakarta,Pending
1707,10038,2014,Bakso,2023-05-03 00:00:00,3,56418,1000,168254,QRIS,Jakarta,Pending
1708,10034,2005,Ikan Bakar,2023-04-21 00:00:00,6,26972,7000,154832,E-Wallet,Bandung,Returned
1709,10007,2083,Bakso,2023-06-28 00:00:00,5,39122,7000,188610,COD,Bandung,Returned
1710,10008,2059,Sate Ayam,2023-11-29 00:00:00,5,27400,1000,136000,Bank Transfer,Jakarta,Returned
1711,10043,2000,Nasi Goreng,2023-07-27 00:00:00,8,46824,1000,373592,QRIS,Surabaya,Canceled
1712,10059,2025,Sate Ayam,2023-11-30 00:00:00,9,12936,3000,113424,COD,Bandung,Canceled
1713,10017,2061,Ayam Bakar,2023-02-12 00:00:00,2,58442,5000,111884,Bank Transfer,Medan,Pending
1714,10055,2026,Soto Betawi,2023-04-21 00:00:00,9,40951,5000,363559,QRIS,Surabaya,Returned
1715,10045,2097,Soto Betawi,2023-11-19 00:00:00,8,24287,7000,187296,COD,Jakarta,Canceled
1716,10019,2081,Bakso,2023-12-04 00:00:00,2,30425,7000,53850,Credit Card,Bali,Pending
1717,10075,2076,Nasi Goreng,2023-04-21 00:00:00,9,13786,3000,121074,E-Wallet,Bali,Canceled
1718,10025,2013,Sate Ayam,2023-02-14 00:00:00,8,53240,0,425920,E-Wallet,Bandung,Pending
1719,10085,2022,Soto Betawi,2023-10-02 00:00:00,2,30918,5000,56836,QRIS,Medan,Pending
1720,10032,2018,Ikan Bakar,2023-06-29 00:00:00,1,24745,3000,21745,Credit Card,Bali,Pending
1721,10039,2079,Sate Ayam,2023-11-29 00:00:00,7,51979,5000,358853,E-Wallet,Medan,Canceled
1722,10045,2071,Ikan Bakar,2023-08-02 00:00:00,5,12841,7000,57205,Bank Transfer,Surabaya,Canceled
1723,10005,2022,Mie Goreng,2023-03-05 00:00:00,7,41658,3000,288606,COD,Bandung,Delivered
1724,10086,2078,Sate Ayam,2023-11-09 00:00:00,7,31398,3000,216786,COD,Medan,Delivered
1725,10087,2046,Soto Betawi,2023-06-19 00:00:00,7,11073,5000,72511,E-Wallet,Jakarta,Pending
1726,10008,2056,Bakso,2023-01-21 00:00:00,8,12159,7000,90272,COD,Surabaya,Pending
1727,10019,2091,Sate Ayam,2023-01-28 00:00:00,9,40232,1000,361088,Credit Card,Surabaya,Delivered
1728,10074,2037,Sate Ayam,2023-03-16 00:00:00,2,39863,3000,76726,COD,Bandung,Canceled
1729,10023,2018,Nasi Goreng,2023-08-29 00:00:00,4,17036,7000,61144,E-Wallet,Jakarta,Canceled
1730,10099,2024,Ayam Bakar,2023-05-06 00:00:00,2,22632,1000,44264,COD,Bandung,Pending
1731,10082,2024,Soto Betawi,2023-07-01 00:00:00,3,37464,0,112392,Credit Card,Bandung,Canceled
1732,10033,2079,Ikan Bakar,2023-12-26 00:00:00,7,25905,0,181335,COD,Jakarta,Delivered
1733,10020,2069,Soto Betawi,2023-12-27 00:00:00,7,24622,1000,171354,Credit Card,Jakarta,Canceled
1734,10017,2059,Soto Betawi,2023-09-01 00:00:00,9,59630,5000,531670,Bank Transfer,Jakarta,Canceled
1735,10025,2003,Sate Ayam,2023-09-29 00:00:00,3,16008,5000,43024,COD,Bali,Canceled
1736,10019,2078,Nasi Goreng,2023-04-21 00:00:00,2,46444,7000,85888,QRIS,Yogyakarta,Canceled
1737,10073,2060,Bakso,2023-04-15 00:00:00,8,10066,0,80528,COD,Bandung,Pending
1738,10041,2012,Ikan Bakar,2023-05-21 00:00:00,5,39769,5000,193845,Bank Transfer,Medan,Pending
1739,10001,2055,Ikan Bakar,2023-10-06 00:00:00,7,23798,7000,159586,COD,Jakarta,Delivered
1740,10050,2068,Bakso,2023-08-11 00:00:00,9,10798,1000,96182,QRIS,Medan,Pending
1741,10080,2001,Sate Ayam,2023-01-13 00:00:00,7,10731,1000,74117,E-Wallet,Yogyakarta,Pending
1742,10081,2074,Sate Ayam,2023-12-06 00:00:00,5,15074,3000,72370,QRIS,Bandung,Delivered
1743,10061,2015,Soto Betawi,2023-08-04 00:00:00,9,45139,0,406251,QRIS,Bali,Pending
1744,10054,2013,Sate Ayam,2023-12-24 00:00:00,4,58669,3000,231676,Bank Transfer,Surabaya,Returned
1745,10050,2071,Nasi Goreng,2023-08-08 00:00:00,4,33122,1000,131488,Bank Transfer,Bali,Canceled
1746,10076,2006,Mie Goreng,2023-01-10 00:00:00,2,16691,0,33382,Credit Card,Bali,Delivered
1747,10028,2024,Bakso,2023-12-03 00:00:00,8,20570,1000,163560,E-Wallet,Jakarta,Delivered
1748,10027,2002,Mie Goreng,2023-06-15 00:00:00,3,50537,7000,144611,E-Wallet,Semarang,Pending
1749,10019,2095,Sate Ayam,2023-02-28 00:00:00,7,25240,7000,169680,Bank Transfer,Jakarta,Pending
1750,10071,2055,Sate Ayam,2023-07-15 00:00:00,3,59530,3000,175590,COD,Semarang,Pending
1751,10026,2000,Mie Goreng,2023-08-18 00:00:00,7,30651,0,214557,E-Wallet,Bandung,Delivered
1752,10032,2049,Bakso,2023-06-14 00:00:00,9,26766,0,240894,E-Wallet,Semarang,Canceled
1753,10047,2095,Mie Goreng,2023-06-24 00:00:00,3,18307,7000,47921,COD,Bali,Pending
1754,10016,2023,Ikan Bakar,2023-05-31 00:00:00,2,19265,1000,37530,E-Wallet,Bali,Delivered
1755,10035,2007,Bakso,2023-07-09 00:00:00,9,50801,7000,450209,QRIS,Surabaya,Canceled
1756,10000,2033,Sate Ayam,2023-03-20 00:00:00,9,58476,1000,525284,Credit Card,Jakarta,Pending
1757,10092,2030,Soto Betawi,2023-09-10 00:00:00,9,31029,3000,276261,Credit Card,Surabaya,Canceled
1758,10077,2088,Soto Betawi,2023-04-04 00:00:00,4,25804,7000,96216,E-Wallet,Jakarta,Returned
1759,10049,2042,Sate Ayam,2023-12-02 00:00:00,7,46993,5000,323951,COD,Bali,Delivered
1760,10093,2005,Sate Ayam,2023-11-21 00:00:00,5,38307,3000,188535,Bank Transfer,Jakarta,Returned
1761,10072,2068,Nasi Goreng,2023-07-04 00:00:00,2,34426,5000,63852,Credit Card,Bali,Canceled
1762,10037,2096,Nasi Goreng,2023-11-23 00:00:00,1,49008,0,49008,QRIS,Medan,Canceled
1763,10081,2026,Mie Goreng,2023-02-28 00:00:00,1,20345,0,20345,QRIS,Medan,Delivered
1764,10061,2079,Nasi Goreng,2023-03-28 00:00:00,2,53881,0,107762,COD,Semarang,Delivered
1765,10053,2076,Sate Ayam,2023-08-17 00:00:00,7,47052,1000,328364,Bank Transfer,Bali,Delivered
1766,10022,2053,Mie Goreng,2023-10-13 00:00:00,2,51785,5000,98570,E-Wallet,Bali,Returned
1767,10017,2006,Soto Betawi,2023-03-11 00:00:00,6,26576,5000,154456,Bank Transfer,Medan,Delivered
1768,10028,2020,Nasi Goreng,2023-11-30 00:00:00,9,48650,5000,432850,Credit Card,Bandung,Returned
1769,10050,2069,Soto Betawi,2023-01-20 00:00:00,8,22197,0,177576,Bank Transfer,Surabaya,Returned
1770,10046,2070,Mie Goreng,2023-11-15 00:00:00,9,51910,5000,462190,E-Wallet,Jakarta,Delivered
1771,10092,2021,Mie Goreng,2023-07-31 00:00:00,3,16568,1000,48704,Credit Card,Surabaya,Pending
1772,10029,2017,Bakso,2023-05-02 00:00:00,1,44085,0,44085,E-Wallet,Semarang,Pending
1773,10018,2056,Ikan Bakar,2023-10-18 00:00:00,2,28300,0,56600,QRIS,Jakarta,Canceled
1774,10069,2036,Sate Ayam,2023-06-28 00:00:00,1,57892,7000,50892,QRIS,Bandung,Canceled
1775,10053,2039,Nasi Goreng,2023-12-02 00:00:00,1,54643,1000,53643,E-Wallet,Surabaya,Canceled
1776,10058,2022,Bakso,2023-06-30 00:00:00,7,12155,1000,84085,COD,Medan,Delivered
1777,10077,2015,Bakso,2023-04-06 00:00:00,3,42769,1000,127307,Credit Card,Jakarta,Canceled
1778,10011,2069,Sate Ayam,2023-10-15 00:00:00,9,58467,0,526203,COD,Yogyakarta,Delivered
1779,10082,2017,Sate Ayam,2023-02-14 00:00:00,1,15398,1000,14398,COD,Bali,Pending
1780,10043,2026,Nasi Goreng,2023-04-07 00:00:00,4,20860,3000,80440,Bank Transfer,Jakarta,Canceled
1781,10001,2054,Nasi Goreng,2023-04-07 00:00:00,7,18997,7000,125979,Credit Card,Bandung,Pending
1782,10066,2086,Ayam Bakar,2023-02-03 00:00:00,1,33110,3000,30110,Credit Card,Semarang,Pending
1783,10081,2042,Bakso,2023-04-15 00:00:00,1,30028,5000,25028,Credit Card,Bali,Delivered
1784,10097,2029,Ikan Bakar,2023-05-06 00:00:00,1,21360,1000,20360,E-Wallet,Bali,Pending
1785,10041,2050,Soto Betawi,2023-07-23 00:00:00,8,51679,0,413432,E-Wallet,Medan,Canceled
1786,10063,2058,Nasi Goreng,2023-05-10 00:00:00,4,32641,7000,123564,Bank Transfer,Bali,Returned
1787,10021,2062,Nasi Goreng,2023-07-22 00:00:00,9,55156,3000,493404,COD,Jakarta,Canceled
1788,10044,2087,Soto Betawi,2023-04-30 00:00:00,1,41376,7000,34376,Bank Transfer,Yogyakarta,Returned
1789,10061,2087,Sate Ayam,2023-11-20 00:00:00,1,39968,7000,32968,Credit Card,Semarang,Delivered
1790,10039,2057,Mie Goreng,2023-12-07 00:00:00,5,22982,7000,107910,Credit Card,Jakarta,Canceled
1791,10017,2041,Soto Betawi,2023-07-31 00:00:00,5,43324,1000,215620,Bank Transfer,Surabaya,Delivered
1792,10048,2028,Bakso,2023-05-12 00:00:00,2,49930,5000,94860,E-Wallet,Medan,Canceled
1793,10076,2078,Mie Goreng,2023-09-28 00:00:00,5,36870,3000,181350,Credit Card,Medan,Delivered
1794,10088,2025,Nasi Goreng,2023-06-23 00:00:00,1,48367,7000,41367,E-Wallet,Yogyakarta,Canceled
1795,10041,2018,Sate Ayam,2023-03-17 00:00:00,1,37454,3000,34454,E-Wallet,Surabaya,Pending
1796,10025,2098,Soto Betawi,2023-11-04 00:00:00,4,30085,5000,115340,COD,Jakarta,Delivered
1797,10000,2048,Sate Ayam,2023-09-23 00:00:00,6,28895,1000,172370,COD,Bali,Returned
1798,10005,2015,Ikan Bakar,2023-12-02 00:00:00,7,54264,3000,376848,Credit Card,Yogyakarta,Delivered
1799,10070,2032,Nasi Goreng,2023-05-01 00:00:00,4,13010,5000,47040,QRIS,Jakarta,Delivered
1800,10074,2001,Sate Ayam,2023-04-18 00:00:00,1,35739,1000,34739,QRIS,Surabaya,Canceled
1801,10077,2087,Sate Ayam,2023-04-08 00:00:00,5,17067,5000,80335,Credit Card,Yogyakarta,Canceled
1802,10086,2078,Ayam Bakar,2023-10-06 00:00:00,1,25613,5000,20613,Credit Card,Medan,Returned
1803,10058,2045,Mie Goreng,2023-07-02 00:00:00,8,17489,5000,134912,E-Wallet,Yogyakarta,Returned
1804,10005,2076,Soto Betawi,2023-12-22 00:00:00,6,13089,5000,73534,QRIS,Bandung,Delivered
1805,10093,2050,Soto Betawi,2023-03-12 00:00:00,3,44565,5000,128695,E-Wallet,Jakarta,Pending
1806,10047,2006,Mie Goreng,2023-03-10 00:00:00,3,22665,7000,60995,COD,Jakarta,Canceled
1807,10014,2002,Ayam Bakar,2023-01-17 00:00:00,5,11172,0,55860,E-Wallet,Jakarta,Returned
1808,10087,2034,Bakso,2023-01-14 00:00:00,7,39709,1000,276963,QRIS,Jakarta,Returned
1809,10033,2040,Nasi Goreng,2023-05-02 00:00:00,1,56736,3000,53736,E-Wallet,Surabaya,Returned
1810,10003,2041,Ayam Bakar,2023-12-20 00:00:00,5,38885,0,194425,QRIS,Yogyakarta,Canceled
1811,10018,2001,Ikan Bakar,2023-03-22 00:00:00,2,43541,7000,80082,E-Wallet,Bandung,Pending
1812,10056,2011,Sate Ayam,2023-01-02 00:00:00,8,26121,3000,205968,QRIS,Jakarta,Returned
1813,10009,2084,Ikan Bakar,2023-04-22 00:00:00,8,33331,7000,259648,Credit Card,Medan,Canceled
1814,10013,2053,Nasi Goreng,2023-12-08 00:00:00,5,28667,1000,142335,QRIS,Semarang,Pending
1815,10006,2008,Sate Ayam,2023-10-21 00:00:00,6,17868,5000,102208,QRIS,Yogyakarta,Pending
1816,10061,2005,Sate Ayam,2023-02-20 00:00:00,2,58421,3000,113842,Credit Card,Semarang,Returned
1817,10020,2069,Ayam Bakar,2023-02-26 00:00:00,7,44775,0,313425,E-Wallet,Yogyakarta,Returned
1818,10091,2056,Ikan Bakar,2023-12-18 00:00:00,9,50115,1000,450035,Credit Card,Yogyakarta,Canceled
1819,10074,2022,Nasi Goreng,2023-02-26 00:00:00,4,59383,7000,230532,Bank Transfer,Jakarta,Delivered
1820,10017,2046,Sate Ayam,2023-08-17 00:00:00,2,30914,1000,60828,COD,Jakarta,Delivered
1821,10087,2071,Ayam Bakar,2023-01-30 00:00:00,5,41625,5000,203125,Bank Transfer,Bandung,Delivered
1822,10057,2089,Ikan Bakar,2023-06-10 00:00:00,8,26195,1000,208560,E-Wallet,Yogyakarta,Canceled
1823,10093,2018,Nasi Goreng,2023-10-06 00:00:00,6,32223,0,193338,QRIS,Semarang,Delivered
1824,10052,2007,Nasi Goreng,2023-02-26 00:00:00,5,21673,7000,101365,E-Wallet,Jakarta,Pending
1825,10089,2057,Nasi Goreng,2023-09-12 00:00:00,2,37594,5000,70188,QRIS,Yogyakarta,Canceled
1826,10085,2075,Nasi Goreng,2023-05-07 00:00:00,5,16022,1000,79110,Credit Card,Semarang,Returned
1827,10015,2022,Soto Betawi,2023-09-11 00:00:00,9,53790,7000,477110,COD,Jakarta,Pending
1828,10073,2051,Ayam Bakar,2023-06-18 00:00:00,5,41085,1000,204425,Credit Card,Semarang,Pending
1829,10006,2039,Ikan Bakar,2023-12-21 00:00:00,4,37200,5000,143800,E-Wallet,Medan,Delivered
1830,10060,2036,Bakso,2023-08-09 00:00:00,5,33023,7000,158115,COD,Surabaya,Pending
1831,10039,2076,Bakso,2023-05-03 00:00:00,4,14711,7000,51844,Credit Card,Surabaya,Returned
1832,10011,2089,Ayam Bakar,2023-09-13 00:00:00,1,36331,0,36331,QRIS,Jakarta,Delivered
1833,10053,2027,Soto Betawi,2023-04-09 00:00:00,5,37105,1000,184525,COD,Bali,Delivered
1834,10057,2077,Mie Goreng,2023-02-11 00:00:00,6,45651,7000,266906,Bank Transfer,Bali,Returned
1835,10071,2050,Nasi Goreng,2023-06-20 00:00:00,9,43422,7000,383798,COD,Bandung,Delivered
1836,10050,2009,Ikan Bakar,2023-01-04 00:00:00,2,55903,5000,106806,Bank Transfer,Bali,Returned
1837,10097,2035,Ayam Bakar,2023-01-09 00:00:00,5,47521,3000,234605,E-Wallet,Jakarta,Pending
1838,10097,2077,Ikan Bakar,2023-12-15 00:00:00,9,47292,1000,424628,QRIS,Yogyakarta,Returned
1839,10075,2068,Nasi Goreng,2023-08-22 00:00:00,1,33718,1000,32718,Bank Transfer,Semarang,Pending
1840,10090,2087,Mie Goreng,2023-06-23 00:00:00,6,50870,1000,304220,Bank Transfer,Jakarta,Delivered
1841,10022,2021,Ikan Bakar,2023-02-28 00:00:00,9,10835,1000,96515,Bank Transfer,Semarang,Returned
1842,10094,2030,Bakso,2023-06-17 00:00:00,3,48698,1000,145094,Bank Transfer,Medan,Delivered
1843,10079,2056,Bakso,2023-01-27 00:00:00,4,25823,5000,98292,QRIS,Bandung,Delivered
1844,10085,2048,Ikan Bakar,2023-11-07 00:00:00,5,28231,5000,136155,QRIS,Bali,Delivered
1845,10086,2052,Ikan Bakar,2023-07-26 00:00:00,7,57631,7000,396417,COD,Bali,Canceled
1846,10036,2076,Mie Goreng,2023-02-14 00:00:00,2,37043,5000,69086,QRIS,Medan,Pending
1847,10043,2006,Sate Ayam,2023-04-27 00:00:00,4,24017,7000,89068,Credit Card,Semarang,Delivered
1848,10040,2076,Bakso,2023-01-10 00:00:00,6,18154,5000,103924,E-Wallet,Jakarta,Returned
1849,10064,2091,Sate Ayam,2023-08-19 00:00:00,5,50660,0,253300,Bank Transfer,Surabaya,Canceled
1850,10057,2056,Sate Ayam,2023-11-04 00:00:00,8,40373,3000,319984,E-Wallet,Medan,Delivered
1851,10032,2012,Sate Ayam,2023-04-07 00:00:00,1,46643,1000,45643,QRIS,Yogyakarta,Pending
1852,10005,2056,Sate Ayam,2023-03-12 00:00:00,5,14175,5000,65875,QRIS,Jakarta,Delivered
1853,10024,2027,Ayam Bakar,2023-04-30 00:00:00,5,56609,0,283045,COD,Bandung,Returned
1854,10096,2064,Ayam Bakar,2023-10-04 00:00:00,3,39416,3000,115248,Bank Transfer,Bali,Canceled
1855,10054,2083,Ikan Bakar,2023-06-21 00:00:00,2,34502,3000,66004,COD,Jakarta,Canceled
1856,10086,2072,Sate Ayam,2023-11-18 00:00:00,3,32738,1000,97214,Credit Card,Bandung,Returned
1857,10072,2016,Mie Goreng,2023-09-15 00:00:00,4,56098,0,224392,COD,Bali,Delivered
1858,10070,2080,Bakso,2023-02-05 00:00:00,8,22716,5000,176728,Bank Transfer,Jakarta,Delivered
1859,10075,2067,Soto Betawi,2023-10-12 00:00:00,9,51266,7000,454394,Credit Card,Yogyakarta,Canceled
1860,10082,2011,Nasi Goreng,2023-01-17 00:00:00,8,38362,3000,303896,Bank Transfer,Surabaya,Pending
1861,10031,2008,Bakso,2023-07-07 00:00:00,3,46160,7000,131480,Bank Transfer,Jakarta,Canceled
1862,10009,2046,Mie Goreng,2023-11-11 00:00:00,7,12939,1000,89573,E-Wallet,Medan,Delivered
1863,10038,2048,Ayam Bakar,2023-03-23 00:00:00,8,37445,1000,298560,QRIS,Yogyakarta,Returned
1864,10037,2058,Bakso,2023-07-20 00:00:00,8,23490,3000,184920,Credit Card,Jakarta,Delivered
1865,10091,2029,Ikan Bakar,2023-06-16 00:00:00,4,39631,0,158524,QRIS,Medan,Delivered
1866,10077,2021,Bakso,2023-10-06 00:00:00,4,23180,5000,87720,Bank Transfer,Surabaya,Pending
1867,10056,2094,Ikan Bakar,2023-04-16 00:00:00,5,48507,1000,241535,Credit Card,Jakarta,Returned
1868,10011,2017,Nasi Goreng,2023-03-15 00:00:00,1,48083,0,48083,E-Wallet,Medan,Pending
1869,10033,2069,Nasi Goreng,2023-02-14 00:00:00,3,18061,1000,53183,QRIS,Bali,Delivered
1870,10069,2049,Ayam Bakar,2023-01-03 00:00:00,6,34405,1000,205430,E-Wallet,Bandung,Canceled
1871,10075,2092,Soto Betawi,2023-05-25 00:00:00,7,19484,1000,135388,QRIS,Yogyakarta,Pending
1872,10087,2016,Ikan Bakar,2023-05-14 00:00:00,3,59476,1000,177428,Bank Transfer,Bandung,Canceled
1873,10082,2020,Soto Betawi,2023-01-04 00:00:00,8,10954,3000,84632,E-Wallet,Medan,Canceled
1874,10039,2047,Sate Ayam,2023-10-18 00:00:00,8,33147,0,265176,COD,Medan,Delivered
1875,10077,2012,Mie Goreng,2023-09-19 00:00:00,1,23731,0,23731,E-Wallet,Surabaya,Canceled
1876,10001,2076,Ikan Bakar,2023-03-07 00:00:00,4,22458,3000,86832,Credit Card,Jakarta,Pending
1877,10054,2066,Mie Goreng,2023-08-04 00:00:00,5,24419,7000,115095,Bank Transfer,Surabaya,Canceled
1878,10011,2012,Soto Betawi,2023-12-19 00:00:00,9,13407,7000,113663,E-Wallet,Bandung,Returned
1879,10004,2089,Mie Goreng,2023-11-23 00:00:00,5,36505,1000,181525,QRIS,Yogyakarta,Pending
1880,10071,2030,Mie Goreng,2023-08-25 00:00:00,7,47953,0,335671,QRIS,Surabaya,Delivered
1881,10049,2079,Sate Ayam,2023-07-18 00:00:00,7,58784,7000,404488,E-Wallet,Jakarta,Canceled
1882,10022,2090,Sate Ayam,2023-03-11 00:00:00,6,29073,5000,169438,Bank Transfer,Bali,Returned
1883,10092,2071,Ayam Bakar,2023-02-18 00:00:00,4,48176,1000,191704,COD,Bali,Delivered
1884,10037,2036,Sate Ayam,2023-08-31 00:00:00,2,34662,0,69324,E-Wallet,Yogyakarta,Returned
1885,10001,2093,Ayam Bakar,2023-06-18 00:00:00,5,29830,5000,144150,COD,Bali,Canceled
1886,10019,2023,Ayam Bakar,2023-12-13 00:00:00,7,56505,7000,388535,E-Wallet,Jakarta,Canceled
1887,10086,2091,Nasi Goreng,2023-02-22 00:00:00,3,28312,7000,77936,COD,Yogyakarta,Pending
1888,10038,2003,Sate Ayam,2023-01-03 00:00:00,8,16207,7000,122656,QRIS,Bandung,Canceled
1889,10057,2074,Mie Goreng,2023-01-21 00:00:00,7,27509,1000,191563,E-Wallet,Medan,Pending
1890,10081,2064,Bakso,2023-04-09 00:00:00,3,53678,5000,156034,Bank Transfer,Surabaya,Pending
1891,10083,2066,Bakso,2023-02-20 00:00:00,2,30689,5000,56378,COD,Semarang,Delivered
1892,10068,2008,Nasi Goreng,2023-07-07 00:00:00,6,58542,1000,350252,Credit Card,Medan,Returned
